#ifndef MEMES_H
#define MEMES_H

#include <Arduino.h>
#include <pgmspace.h>

namespace MemeAssets {

    constexpr uint8_t SCREEN_WIDTH = 128;
    constexpr uint8_t SCREEN_HEIGHT = 64;

    // Meme 1: Ejemplo Pop Cat (128x64)
    const uint8_t PROGMEM meme_pop_cat[] alignas(4) = {
        // 'hamster', 347x347px
0xff, 0xff, 0xff, 0xff, 0xff, 0xff, 0xff, 0xff, 0xff, 0xff, 0xff, 0xff, 0xff, 0xff, 0xff, 0xff,
0xff, 0xff, 0xff, 0xff, 0xff, 0xff, 0xff, 0xff, 0xff, 0xff, 0xff, 0xff, 0xff, 0xff, 0xff, 0xff,
0xff, 0xff, 0xff, 0xff, 0xff, 0xff, 0xff, 0xff, 0xff, 0xff, 0xff, 0x07, 0xff, 0xff, 0xff, 0xff,
0xff, 0xff, 0xff, 0xff, 0xff, 0xff, 0xff, 0xff, 0xff, 0xff, 0xff, 0xff, 0xff, 0xff, 0xff, 0xff,
0xff, 0xff, 0xff, 0xff, 0xff, 0xff, 0xff, 0xff, 0xff, 0xff, 0xff, 0xff, 0xff, 0xff, 0xff, 0xff,
0xff, 0xff, 0xff, 0xff, 0xff, 0xff, 0xff, 0x07, 0xff, 0xff, 0xff, 0xff, 0xff, 0xff, 0xff, 0xff,
0xff, 0xff, 0xff, 0xff, 0xff, 0xff, 0xff, 0xff, 0xff, 0xff, 0xff, 0xff, 0xff, 0xff, 0xff, 0xff,
0xff, 0xff, 0xff, 0xff, 0xff, 0xff, 0xff, 0xff, 0xff, 0xff, 0xff, 0xff, 0xff, 0xff, 0xff, 0xff,
0xff, 0xff, 0xff, 0x07, 0xff, 0xff, 0xff, 0xff, 0xff, 0xff, 0xff, 0xff, 0xff, 0xff, 0xff, 0xff,
0xff, 0xff, 0xff, 0xff, 0xff, 0xff, 0xff, 0xff, 0xff, 0xff, 0xff, 0xff, 0xff, 0xff, 0xff, 0xff,
0xff, 0xff, 0xff, 0xff, 0xff, 0xff, 0xff, 0xff, 0xff, 0xff, 0xff, 0xff, 0xff, 0xff, 0xff, 0x07,
0xff, 0xff, 0xff, 0xff, 0xff, 0xff, 0xff, 0xff, 0xff, 0xff, 0xff, 0xff, 0xff, 0xff, 0xff, 0xff,
0xff, 0xff, 0xff, 0xff, 0xff, 0xff, 0xff, 0xff, 0xff, 0xff, 0xff, 0xff, 0xff, 0xff, 0xff, 0xff,
0xff, 0xff, 0xff, 0xff, 0xff, 0xff, 0xff, 0xff, 0xff, 0xff, 0xff, 0x07, 0xff, 0xff, 0xff, 0xff,
0xff, 0xff, 0xff, 0xff, 0xff, 0xff, 0xff, 0xff, 0xff, 0xff, 0xff, 0xff, 0xff, 0xff, 0xff, 0xff,
0xff, 0xff, 0xff, 0xff, 0xff, 0xff, 0xff, 0xff, 0xff, 0xff, 0xff, 0xff, 0xff, 0xff, 0xff, 0xff,
0xff, 0xff, 0xff, 0xff, 0xff, 0xff, 0xff, 0x07, 0xff, 0xff, 0xff, 0xff, 0xff, 0xff, 0xff, 0xff,
0xff, 0xff, 0xff, 0xff, 0xff, 0xff, 0xff, 0xff, 0xff, 0xff, 0xff, 0xff, 0xff, 0xff, 0xff, 0xff,
0xff, 0xff, 0xff, 0xff, 0xff, 0xff, 0xff, 0xff, 0xff, 0xff, 0xff, 0xff, 0xff, 0xff, 0xff, 0xff,
0xff, 0xff, 0xff, 0x07, 0xff, 0xff, 0xff, 0xff, 0xff, 0xff, 0xff, 0xff, 0xff, 0xff, 0xff, 0xff,
0xff, 0xff, 0xff, 0xff, 0xff, 0xff, 0xff, 0xff, 0xff, 0xff, 0xff, 0xff, 0xff, 0xff, 0xff, 0xff,
0xff, 0xff, 0xff, 0xff, 0xff, 0xff, 0xff, 0xff, 0xff, 0xff, 0xff, 0xff, 0xff, 0xff, 0xff, 0x07,
0xff, 0xff, 0xff, 0xff, 0xff, 0xff, 0xff, 0xff, 0xff, 0xff, 0xff, 0xff, 0xff, 0xff, 0xff, 0xff,
0xff, 0xff, 0xff, 0xff, 0xff, 0xff, 0xff, 0xff, 0xff, 0xff, 0xff, 0xff, 0xff, 0xff, 0xff, 0xff,
0xff, 0xff, 0xff, 0xff, 0xff, 0xff, 0xff, 0xff, 0xff, 0xff, 0xff, 0x07, 0xff, 0xff, 0xff, 0xff,
0xff, 0xff, 0xff, 0xff, 0xff, 0xff, 0xff, 0xff, 0xff, 0xff, 0xff, 0xff, 0xff, 0xff, 0xff, 0xff,
0xff, 0xff, 0xff, 0xff, 0xff, 0xff, 0xff, 0xff, 0xff, 0xff, 0xff, 0xff, 0xff, 0xff, 0xff, 0xff,
0xff, 0xff, 0xff, 0xff, 0xff, 0xff, 0xff, 0x07, 0xff, 0xff, 0xff, 0xff, 0xff, 0xff, 0xff, 0xff,
0xff, 0xff, 0xff, 0xff, 0xff, 0xff, 0xff, 0xff, 0xff, 0xff, 0xff, 0xff, 0xff, 0xff, 0xff, 0xff,
0xff, 0xff, 0xff, 0xff, 0xff, 0xff, 0xff, 0xff, 0xff, 0xff, 0xff, 0xff, 0xff, 0xff, 0xff, 0xff,
0xff, 0xff, 0xff, 0x07, 0xff, 0xff, 0xff, 0xff, 0xff, 0xff, 0xff, 0xff, 0xff, 0xff, 0xff, 0xff,
0xff, 0xff, 0xff, 0xff, 0xff, 0xff, 0xff, 0xff, 0xff, 0xff, 0xff, 0xff, 0xff, 0xff, 0xff, 0xff,
0xff, 0xff, 0xff, 0xff, 0xff, 0xff, 0xff, 0xff, 0xff, 0xff, 0xff, 0xff, 0xff, 0xff, 0xff, 0x07,
0xff, 0xff, 0xff, 0xff, 0xff, 0xff, 0xff, 0xff, 0xff, 0xff, 0xff, 0xff, 0xff, 0xff, 0xff, 0xff,
0xff, 0xff, 0xff, 0xff, 0xff, 0xff, 0xff, 0xff, 0xff, 0xff, 0xff, 0xff, 0xff, 0xff, 0xff, 0xff,
0xff, 0xff, 0xff, 0xff, 0xff, 0xff, 0xff, 0xff, 0xff, 0xff, 0xff, 0x07, 0xff, 0xff, 0xff, 0xff,
0xff, 0xff, 0xff, 0xff, 0xff, 0xff, 0xff, 0xff, 0xff, 0xff, 0xff, 0xff, 0xff, 0xff, 0xff, 0xff,
0xff, 0xff, 0xff, 0xff, 0xff, 0xff, 0xff, 0xff, 0xff, 0xff, 0xff, 0xff, 0xff, 0xff, 0xff, 0xff,
0xff, 0xff, 0xff, 0xff, 0xff, 0xff, 0xff, 0x07, 0xff, 0xff, 0xff, 0xff, 0xff, 0xff, 0xff, 0xff,
0xff, 0xff, 0xff, 0xff, 0xff, 0xff, 0xff, 0xff, 0xff, 0xff, 0xff, 0xff, 0xff, 0x3f, 0x92, 0x24,
0x49, 0x92, 0x24, 0x49, 0xc2, 0xff, 0xff, 0xff, 0xff, 0xff, 0xff, 0xff, 0xff, 0xff, 0xff, 0xff,
0xff, 0xff, 0xff, 0x07, 0xff, 0xff, 0xff, 0xff, 0xff, 0xff, 0xff, 0xff, 0xff, 0xff, 0xff, 0xff,
0xff, 0xff, 0xff, 0xff, 0xff, 0xff, 0xff, 0xff, 0xff, 0x1f, 0x00, 0x00, 0x00, 0x00, 0x00, 0x00,
0x80, 0xff, 0xff, 0xff, 0xff, 0xff, 0xff, 0xff, 0xff, 0xff, 0xff, 0xff, 0xff, 0xff, 0xff, 0x07,
0xff, 0xff, 0xff, 0xff, 0xff, 0xff, 0xff, 0xff, 0xff, 0xff, 0xff, 0xff, 0xff, 0xff, 0xff, 0xff,
0xff, 0xff, 0xff, 0xff, 0xff, 0x1f, 0x00, 0x00, 0x00, 0x00, 0x00, 0x00, 0x00, 0xff, 0xff, 0xff,
0xff, 0xff, 0xff, 0xff, 0xff, 0xff, 0xff, 0xff, 0xff, 0xff, 0xff, 0x07, 0xff, 0xff, 0xff, 0xff,
0xff, 0xff, 0xff, 0xff, 0xff, 0xff, 0xff, 0xff, 0xff, 0xff, 0xff, 0xff, 0xff, 0xff, 0xff, 0xff,
0xff, 0x3f, 0x00, 0x00, 0x00, 0x00, 0x00, 0x00, 0x80, 0xff, 0xff, 0xff, 0xff, 0xff, 0xff, 0xff,
0xff, 0xff, 0xff, 0xff, 0xff, 0xff, 0xff, 0x07, 0xff, 0xff, 0xff, 0xff, 0xff, 0xff, 0xff, 0xff,
0xff, 0xff, 0xff, 0xff, 0xff, 0xff, 0xff, 0xff, 0xff, 0xff, 0xff, 0xff, 0xff, 0x1f, 0x00, 0x00,
0x00, 0x00, 0x00, 0x00, 0x80, 0xff, 0xff, 0xff, 0xff, 0xff, 0xff, 0xff, 0xff, 0xff, 0xff, 0xff,
0xff, 0xff, 0xff, 0x07, 0xff, 0xff, 0xff, 0xff, 0xff, 0xff, 0xff, 0xff, 0xff, 0xff, 0xff, 0xff,
0xff, 0xff, 0xff, 0xff, 0xff, 0xff, 0xff, 0xff, 0xff, 0x1f, 0x00, 0x00, 0x00, 0x00, 0x00, 0x00,
0x80, 0xff, 0xff, 0xff, 0xff, 0xff, 0xff, 0xff, 0xff, 0xff, 0xff, 0xff, 0xff, 0xff, 0xff, 0x07,
0xff, 0xff, 0xff, 0xff, 0xff, 0xff, 0xff, 0xff, 0xff, 0xff, 0xff, 0xff, 0xff, 0xff, 0xff, 0xff,
0xff, 0xff, 0xff, 0xff, 0xff, 0x3f, 0x00, 0x00, 0x00, 0x00, 0x00, 0x00, 0x00, 0xff, 0xff, 0xff,
0xff, 0xff, 0xff, 0xff, 0xff, 0xff, 0xff, 0xff, 0xff, 0xff, 0xff, 0x07, 0xff, 0xff, 0xff, 0xff,
0xff, 0xff, 0xff, 0xff, 0xff, 0xff, 0xff, 0xff, 0xff, 0xff, 0xff, 0xff, 0xff, 0xff, 0xff, 0xff,
0xff, 0x1f, 0x00, 0x00, 0x00, 0x00, 0x00, 0x00, 0x80, 0xff, 0xff, 0xff, 0xff, 0xff, 0xff, 0xff,
0xff, 0xff, 0xff, 0xff, 0xff, 0xff, 0xff, 0x07, 0xff, 0xff, 0xff, 0xff, 0xff, 0xff, 0xff, 0xff,
0xff, 0xff, 0xff, 0xff, 0xff, 0xff, 0xff, 0xff, 0xff, 0xff, 0xff, 0xff, 0xff, 0x1f, 0x00, 0x00,
0x00, 0x00, 0x00, 0x00, 0x80, 0xff, 0xff, 0xff, 0xff, 0xff, 0xff, 0xff, 0xff, 0xff, 0xff, 0xff,
0xff, 0xff, 0xff, 0x07, 0xff, 0xff, 0xff, 0xff, 0xff, 0xff, 0xff, 0xff, 0xff, 0xff, 0xff, 0xff,
0xff, 0xff, 0xff, 0xff, 0xff, 0xff, 0xff, 0xff, 0xff, 0x3f, 0x00, 0x00, 0x00, 0x00, 0x00, 0x00,
0x00, 0xff, 0xff, 0xff, 0xff, 0xff, 0xff, 0xff, 0xff, 0xff, 0xff, 0xff, 0xff, 0xff, 0xff, 0x07,
0xff, 0xff, 0xff, 0xff, 0xff, 0xff, 0xff, 0xff, 0xff, 0xff, 0xff, 0xff, 0xff, 0xff, 0xff, 0xff,
0xff, 0xff, 0xff, 0xff, 0xff, 0x1f, 0x00, 0x00, 0x00, 0x00, 0x00, 0x00, 0x80, 0xff, 0xff, 0xff,
0xff, 0xff, 0xff, 0xff, 0xff, 0xff, 0xff, 0xff, 0xff, 0xff, 0xff, 0x07, 0xff, 0xff, 0xff, 0xff,
0xff, 0xff, 0xff, 0xff, 0xff, 0xff, 0xff, 0xff, 0xff, 0xff, 0xff, 0xff, 0xff, 0xff, 0xff, 0xff,
0xff, 0x1f, 0x00, 0x00, 0x00, 0x00, 0x00, 0x00, 0x80, 0xff, 0xff, 0xff, 0xff, 0xff, 0xff, 0xff,
0xff, 0xff, 0xff, 0xff, 0xff, 0xff, 0xff, 0x07, 0xff, 0xff, 0xff, 0xff, 0xff, 0xff, 0xff, 0xff,
0xff, 0xff, 0xff, 0xff, 0xff, 0xff, 0xff, 0xff, 0xff, 0xff, 0xff, 0xff, 0xff, 0x3f, 0x00, 0x00,
0x00, 0x00, 0x00, 0x00, 0x00, 0xff, 0xff, 0xff, 0xff, 0xff, 0xff, 0xff, 0xff, 0xff, 0xff, 0xff,
0xff, 0xff, 0xff, 0x07, 0xff, 0xff, 0xff, 0xff, 0xff, 0xff, 0xff, 0xff, 0xff, 0xff, 0xff, 0xff,
0xff, 0xff, 0xff, 0xff, 0xff, 0xff, 0xff, 0xff, 0xff, 0x1f, 0x00, 0x00, 0x00, 0x00, 0x00, 0x00,
0x80, 0xff, 0xff, 0xff, 0xff, 0xff, 0xff, 0xff, 0xff, 0xff, 0xff, 0xff, 0xff, 0xff, 0xff, 0x07,
0xff, 0xff, 0xff, 0xff, 0xff, 0xff, 0xff, 0xff, 0xff, 0xff, 0xff, 0xff, 0xff, 0xff, 0xff, 0xff,
0xff, 0xff, 0xff, 0xff, 0xff, 0x1d, 0x00, 0x00, 0x00, 0x00, 0x00, 0x00, 0x00, 0xff, 0xf7, 0xff,
0xff, 0xff, 0xff, 0xff, 0xff, 0xff, 0xff, 0xff, 0xff, 0xff, 0xff, 0x07, 0xff, 0xff, 0xff, 0xff,
0xff, 0xff, 0xff, 0xff, 0xff, 0xff, 0xff, 0xff, 0xff, 0xff, 0xff, 0xff, 0x03, 0x00, 0x00, 0x00,
0x00, 0x00, 0x00, 0x00, 0x00, 0x00, 0x00, 0x00, 0x00, 0x00, 0xc0, 0xff, 0xff, 0xff, 0xff, 0xff,
0xff, 0xff, 0xff, 0xff, 0xff, 0xff, 0xff, 0x07, 0xff, 0xff, 0xff, 0xff, 0xff, 0xff, 0xff, 0xff,
0xff, 0xff, 0xff, 0xff, 0xff, 0xff, 0xff, 0xff, 0x03, 0x00, 0x00, 0x00, 0x00, 0x80, 0x08, 0x21,
0x84, 0x10, 0x42, 0x08, 0x11, 0x00, 0xc0, 0xff, 0xff, 0xff, 0xff, 0xff, 0xff, 0xff, 0xff, 0xff,
0xff, 0xff, 0xff, 0x07, 0xff, 0xff, 0xff, 0xff, 0xff, 0xff, 0xff, 0xff, 0xff, 0xff, 0xff, 0xff,
0xff, 0xff, 0xff, 0xff, 0x03, 0x00, 0x00, 0x00, 0x00, 0x00, 0x22, 0x84, 0x10, 0x42, 0x08, 0x21,
0x44, 0x00, 0xc0, 0xff, 0xff, 0xff, 0xff, 0xff, 0xff, 0xff, 0xff, 0xff, 0xff, 0xff, 0xff, 0x07,
0xff, 0xff, 0xff, 0xff, 0xff, 0xff, 0xff, 0xff, 0xff, 0xff, 0xff, 0xff, 0xff, 0xff, 0xff, 0xff,
0x03, 0x00, 0x00, 0x00, 0x00, 0x00, 0x80, 0x10, 0x42, 0x08, 0x21, 0x84, 0x00, 0x00, 0xc0, 0xff,
0xff, 0xff, 0xff, 0xff, 0xff, 0xff, 0xff, 0xff, 0xff, 0xff, 0xff, 0x07, 0xff, 0xff, 0xff, 0xff,
0xff, 0xff, 0xff, 0xff, 0xff, 0xff, 0xff, 0xff, 0xff, 0xff, 0xff, 0xff, 0x03, 0x00, 0x00, 0x00,
0x00, 0x80, 0x04, 0x42, 0x08, 0x21, 0x84, 0x10, 0x12, 0x00, 0xc0, 0xff, 0xff, 0xff, 0xff, 0xff,
0xff, 0xff, 0xff, 0xff, 0xff, 0xff, 0xff, 0x07, 0xff, 0xff, 0xff, 0xff, 0xff, 0xff, 0xff, 0xff,
0xff, 0xff, 0xff, 0xff, 0xff, 0xff, 0xff, 0xff, 0x03, 0x00, 0x00, 0x00, 0x00, 0x00, 0x10, 0x08,
0x21, 0x84, 0x10, 0x42, 0x40, 0x00, 0xc0, 0xff, 0xff, 0xff, 0xff, 0xff, 0xff, 0xff, 0xff, 0xff,
0xff, 0xff, 0xff, 0x07, 0xff, 0xff, 0xff, 0xff, 0xff, 0xff, 0xff, 0xff, 0xff, 0xff, 0xff, 0xff,
0xff, 0xff, 0xff, 0xff, 0x03, 0x00, 0x00, 0x00, 0x00, 0x00, 0x41, 0x20, 0x84, 0x10, 0x42, 0x08,
0x09, 0x00, 0xc0, 0xff, 0xff, 0xff, 0xff, 0xff, 0xff, 0xff, 0xff, 0xff, 0xff, 0xff, 0xff, 0x07,
0xff, 0xff, 0xff, 0xff, 0xff, 0xff, 0xff, 0xff, 0xff, 0xff, 0xff, 0xff, 0xff, 0xff, 0xff, 0xff,
0x03, 0x00, 0x00, 0x00, 0x00, 0x00, 0x09, 0x81, 0x10, 0x42, 0x08, 0x21, 0x20, 0x00, 0xc0, 0xff,
0xff, 0xff, 0xff, 0xff, 0xff, 0xff, 0xff, 0xff, 0xff, 0xff, 0xff, 0x07, 0xff, 0xff, 0xff, 0xff,
0xff, 0xff, 0xff, 0xff, 0xff, 0xff, 0xff, 0xff, 0xff, 0xff, 0xff, 0xff, 0x03, 0x00, 0x00, 0x00,
0x00, 0x00, 0x20, 0x04, 0x42, 0x08, 0x21, 0x84, 0x04, 0x00, 0xc0, 0xff, 0xff, 0xff, 0xff, 0xff,
0xff, 0xff, 0xff, 0xff, 0xff, 0xff, 0xff, 0x07, 0xff, 0xff, 0xff, 0xff, 0xff, 0xff, 0xff, 0xff,
0xff, 0xff, 0xff, 0xff, 0xff, 0xff, 0xff, 0xff, 0x03, 0x00, 0x00, 0x00, 0x00, 0x80, 0x84, 0x10,
0x08, 0x21, 0x84, 0x10, 0x10, 0x00, 0xc0, 0xff, 0xff, 0xff, 0xff, 0xff, 0xff, 0xff, 0xff, 0xff,
0xff, 0xff, 0xff, 0x07, 0xff, 0xff, 0xff, 0xff, 0xff, 0xff, 0xff, 0xff, 0xff, 0xff, 0xff, 0xff,
0xff, 0xff, 0xff, 0xff, 0x03, 0x00, 0x00, 0x00, 0x00, 0x00, 0x10, 0x42, 0x20, 0x84, 0x10, 0x42,
0x42, 0x00, 0xc0, 0xff, 0xff, 0xff, 0xff, 0xff, 0xff, 0xff, 0xff, 0xff, 0xff, 0xff, 0xff, 0x07,
0xff, 0xff, 0xff, 0xff, 0xff, 0xff, 0xff, 0xff, 0xff, 0xff, 0xff, 0xff, 0xff, 0xff, 0xff, 0xff,
0x03, 0x00, 0x00, 0x00, 0x00, 0x00, 0x41, 0x08, 0x81, 0x10, 0x42, 0x08, 0x08, 0x00, 0xc0, 0xff,
0xff, 0xff, 0xff, 0xff, 0xff, 0xff, 0xff, 0xff, 0xff, 0xff, 0xff, 0x07, 0xff, 0xff, 0xff, 0xff,
0xff, 0xff, 0xff, 0xff, 0xff, 0xff, 0xff, 0xff, 0xff, 0xff, 0xff, 0xff, 0x03, 0x00, 0x00, 0x00,
0x00, 0x00, 0x09, 0x21, 0x04, 0x42, 0x08, 0x21, 0x21, 0x00, 0xc0, 0xff, 0xff, 0xff, 0xff, 0xff,
0xff, 0xff, 0xff, 0xff, 0xff, 0xff, 0xff, 0x07, 0xff, 0xff, 0xff, 0xff, 0xff, 0xff, 0xff, 0xff,
0xff, 0xff, 0xff, 0xff, 0xff, 0xff, 0xff, 0xff, 0x03, 0x00, 0x00, 0x00, 0x00, 0x00, 0x20, 0x84,
0x10, 0x08, 0x21, 0x04, 0x04, 0x00, 0xc0, 0xff, 0xff, 0xff, 0xff, 0xff, 0xff, 0xff, 0xff, 0xff,
0xff, 0xff, 0xff, 0x07, 0xff, 0xff, 0xff, 0xff, 0xff, 0xff, 0xff, 0xff, 0xff, 0xff, 0xff, 0xff,
0x3f, 0x00, 0x00, 0x80, 0x00, 0x00, 0x00, 0x00, 0x00, 0x40, 0x82, 0x10, 0x42, 0x20, 0x84, 0x90,
0x10, 0x00, 0x80, 0x00, 0x00, 0x00, 0xfc, 0xff, 0xff, 0xff, 0xff, 0xff, 0xff, 0xff, 0xff, 0x07,
0xff, 0xff, 0xff, 0xff, 0xff, 0xff, 0xff, 0xff, 0xff, 0xff, 0xff, 0xff, 0x1f, 0x00, 0x00, 0x00,
0xd8, 0x6c, 0x00, 0x00, 0x00, 0x00, 0x08, 0x42, 0x08, 0x81, 0x10, 0x02, 0x02, 0x00, 0x00, 0x00,
0x00, 0x00, 0xf8, 0xff, 0xff, 0xff, 0xff, 0xff, 0xff, 0xff, 0xff, 0x07, 0xff, 0xff, 0xff, 0xff,
0xff, 0xff, 0xff, 0xff, 0xff, 0xff, 0xff, 0xff, 0x1f, 0x00, 0x00, 0x00, 0x48, 0x23, 0x00, 0x00,
0x92, 0x24, 0x21, 0x08, 0x21, 0x04, 0x42, 0x48, 0x48, 0x00, 0x00, 0x00, 0x00, 0x00, 0xf8, 0xff,
0xff, 0xff, 0xff, 0xff, 0xff, 0xff, 0xff, 0x07, 0xff, 0xff, 0xff, 0xff, 0xff, 0xff, 0xff, 0xff,
0xff, 0xff, 0xff, 0xff, 0x1f, 0x00, 0x00, 0x00, 0x28, 0xa4, 0x00, 0x00, 0x00, 0x00, 0x84, 0x20,
0x84, 0x10, 0x08, 0x01, 0x01, 0x00, 0x00, 0x00, 0x00, 0x00, 0xfc, 0xff, 0xff, 0xff, 0xff, 0xff,
0xff, 0xff, 0xff, 0x07, 0xff, 0xff, 0xff, 0xff, 0xff, 0xff, 0xff, 0xff, 0xff, 0xff, 0xff, 0xff,
0x1f, 0x00, 0x00, 0x00, 0x90, 0x24, 0x00, 0x00, 0x49, 0x92, 0x10, 0x82, 0x10, 0x42, 0x20, 0x24,
0x24, 0x00, 0x00, 0x00, 0x00, 0x00, 0xf8, 0xff, 0xff, 0xff, 0xff, 0xff, 0xff, 0xff, 0xff, 0x07,
0xff, 0xff, 0xff, 0xff, 0xff, 0xff, 0xff, 0xff, 0xff, 0xff, 0xff, 0xff, 0x1f, 0x00, 0x00, 0x00,
0x90, 0x49, 0x00, 0x00, 0x00, 0x00, 0x42, 0x08, 0x42, 0x08, 0x81, 0x80, 0x00, 0x00, 0x00, 0x00,
0x00, 0x00, 0xf8, 0xff, 0xff, 0xff, 0xff, 0xff, 0xff, 0xff, 0xff, 0x07, 0xff, 0xff, 0xff, 0xff,
0xff, 0xff, 0xff, 0xff, 0xff, 0xff, 0xff, 0xff, 0x1f, 0x00, 0x00, 0x00, 0x28, 0x52, 0x00, 0x00,
0x92, 0x24, 0x08, 0x21, 0x08, 0x21, 0x04, 0x12, 0x12, 0x00, 0x00, 0x00, 0x00, 0x00, 0xfc, 0xff,
0xff, 0xff, 0xff, 0xff, 0xff, 0xff, 0xff, 0x07, 0xff, 0xff, 0xff, 0xff, 0xff, 0xff, 0xff, 0xff,
0xff, 0xff, 0xff, 0xff, 0x1f, 0x00, 0x00, 0x00, 0x28, 0x26, 0x01, 0x00, 0x00, 0x80, 0x20, 0x84,
0x20, 0x84, 0x10, 0x40, 0x40, 0x00, 0x00, 0x00, 0x00, 0x00, 0xf8, 0xff, 0xff, 0xff, 0xff, 0xff,
0xff, 0xff, 0xff, 0x07, 0xff, 0xff, 0xff, 0xff, 0xff, 0xff, 0xff, 0xff, 0xff, 0xff, 0xff, 0xff,
0x1f, 0x00, 0x00, 0x00, 0x90, 0x29, 0x00, 0x00, 0x49, 0x12, 0x82, 0x10, 0x82, 0x10, 0x42, 0x04,
0x09, 0x00, 0x00, 0x00, 0x00, 0x00, 0xf8, 0xff, 0xff, 0xff, 0xff, 0xff, 0xff, 0xff, 0xff, 0x07,
0xff, 0xff, 0xff, 0xff, 0xff, 0xff, 0xff, 0xff, 0xff, 0xff, 0xff, 0xff, 0x1f, 0x00, 0x00, 0x00,
0x50, 0xc8, 0x00, 0x00, 0x00, 0x40, 0x08, 0x42, 0x08, 0x42, 0x08, 0x11, 0x20, 0x00, 0x00, 0x00,
0x00, 0x00, 0xf8, 0xff, 0xff, 0xff, 0xff, 0xff, 0xff, 0xff, 0xff, 0x07, 0xff, 0xff, 0xff, 0xff,
0xff, 0xff, 0xff, 0xff, 0xff, 0xff, 0xff, 0xff, 0x1f, 0x00, 0x00, 0x00, 0x48, 0x46, 0x00, 0x00,
0x92, 0x04, 0x21, 0x08, 0x21, 0x08, 0x21, 0x40, 0x02, 0x00, 0x00, 0x00, 0x00, 0x00, 0xf8, 0xff,
0xff, 0xff, 0xff, 0xff, 0xff, 0xff, 0xff, 0x07, 0xff, 0xff, 0xff, 0xff, 0xff, 0xff, 0xff, 0xff,
0xff, 0xff, 0xff, 0xff, 0x1f, 0x00, 0x00, 0x00, 0x28, 0x31, 0x00, 0x00, 0x00, 0x10, 0x84, 0x20,
0x84, 0x20, 0x84, 0x04, 0x08, 0x00, 0x00, 0x00, 0x00, 0x00, 0xfc, 0xff, 0xff, 0xff, 0xff, 0xff,
0xff, 0xff, 0xff, 0x07, 0xff, 0xff, 0xff, 0xff, 0xff, 0xff, 0xff, 0xff, 0xff, 0xff, 0xff, 0xff,
0x1f, 0x00, 0x00, 0x00, 0x90, 0xc9, 0x00, 0x00, 0x49, 0x42, 0x10, 0x82, 0x10, 0x82, 0x10, 0x90,
0x20, 0x00, 0x00, 0x00, 0x00, 0x00, 0xf8, 0xff, 0xff, 0xff, 0xff, 0xff, 0xff, 0xff, 0xff, 0x07,
0xff, 0xff, 0xff, 0xff, 0xff, 0xff, 0xff, 0xff, 0xff, 0xff, 0xff, 0xff, 0x1f, 0x00, 0x00, 0x00,
0x10, 0x12, 0x00, 0x00, 0x00, 0x08, 0x41, 0x08, 0x42, 0x08, 0x42, 0x02, 0x02, 0x00, 0x00, 0x00,
0x00, 0x00, 0xf8, 0xff, 0xff, 0xff, 0xff, 0xff, 0xff, 0xff, 0xff, 0x07, 0xff, 0xff, 0xff, 0xff,
0xff, 0xff, 0xff, 0xff, 0xff, 0xff, 0xff, 0xff, 0x0e, 0x00, 0x00, 0x00, 0xcc, 0x64, 0x00, 0x00,
0x92, 0x20, 0x04, 0x21, 0x08, 0x21, 0x08, 0x48, 0x48, 0x00, 0x00, 0x00, 0x00, 0x00, 0x78, 0xdf,
0xff, 0xff, 0xff, 0xff, 0xff, 0xff, 0xff, 0x07, 0xff, 0xff, 0xff, 0xff, 0xff, 0xff, 0xff, 0xff,
0xff, 0xff, 0x7f, 0x00, 0x20, 0x21, 0x84, 0x10, 0x90, 0x4c, 0x00, 0x00, 0x00, 0x82, 0x10, 0x84,
0x20, 0x84, 0x20, 0x01, 0x01, 0x00, 0x00, 0x00, 0x80, 0x10, 0x01, 0x00, 0xfe, 0xff, 0xff, 0xff,
0xff, 0xff, 0xff, 0x07, 0xff, 0xff, 0xff, 0xff, 0xff, 0xff, 0xff, 0xff, 0xff, 0xff, 0x7f, 0x00,
0xc0, 0xac, 0xb5, 0xd6, 0x13, 0x93, 0x00, 0x00, 0x49, 0x08, 0x42, 0x10, 0x82, 0x10, 0x02, 0x24,
0x24, 0x89, 0x04, 0x00, 0x60, 0xd6, 0x04, 0x00, 0xfe, 0xff, 0xff, 0xff, 0xff, 0xff, 0xff, 0x07,
0xff, 0xff, 0xff, 0xff, 0xff, 0xff, 0xff, 0xff, 0xff, 0xff, 0x3f, 0x00, 0x80, 0x92, 0x24, 0x49,
0x64, 0x90, 0x00, 0x00, 0x00, 0x21, 0x08, 0x41, 0x08, 0x42, 0x48, 0x80, 0x00, 0x20, 0x10, 0x00,
0x40, 0x49, 0x02, 0x00, 0xfe, 0xff, 0xff, 0xff, 0xff, 0xff, 0xff, 0x07, 0xff, 0xff, 0xff, 0xff,
0xff, 0xff, 0xff, 0xff, 0xff, 0xff, 0x7f, 0x00, 0x80, 0x44, 0x22, 0x09, 0x25, 0x65, 0x00, 0x00,
0x12, 0x84, 0x20, 0x04, 0x21, 0x08, 0x01, 0x09, 0x92, 0x04, 0x01, 0x00, 0x40, 0x22, 0x03, 0x00,
0xfe, 0xff, 0xff, 0xff, 0xff, 0xff, 0xff, 0x07, 0xff, 0xff, 0xff, 0xff, 0xff, 0xff, 0xff, 0xff,
0xff, 0xff, 0x7f, 0x00, 0x40, 0x34, 0x49, 0x32, 0x89, 0x49, 0x00, 0x00, 0x40, 0x10, 0x82, 0x10,
0x84, 0x20, 0x24, 0x20, 0x00, 0x10, 0x04, 0x00, 0x20, 0x9a, 0x00, 0x00, 0xfe, 0xff, 0xff, 0xff,
0xff, 0xff, 0xff, 0x07, 0xff, 0xff, 0xff, 0xff, 0xff, 0xff, 0xff, 0xff, 0xff, 0xff, 0x7f, 0x00,
0x40, 0x83, 0x4c, 0xc2, 0x18, 0x92, 0x00, 0x00, 0x09, 0x41, 0x08, 0x42, 0x10, 0x82, 0x80, 0x84,
0x24, 0x41, 0x10, 0x00, 0xa0, 0x41, 0x02, 0x00, 0xfe, 0xff, 0xff, 0xff, 0xff, 0xff, 0xff, 0x07,
0xff, 0xff, 0xff, 0xff, 0xff, 0xff, 0xff, 0xff, 0xff, 0xff, 0x3f, 0x00, 0x80, 0x98, 0x92, 0x0c,
0x66, 0x26, 0x00, 0x00, 0x20, 0x04, 0x21, 0x08, 0x41, 0x08, 0x12, 0x10, 0x00, 0x04, 0x01, 0x00,
0x40, 0x4c, 0x01, 0x00, 0xfe, 0xff, 0xff, 0xff, 0xff, 0xff, 0xff, 0x07, 0xff, 0xff, 0xff, 0xff,
0xff, 0xff, 0xff, 0xff, 0xff, 0xff, 0x7f, 0x00, 0x80, 0x64, 0x92, 0xb1, 0x41, 0x68, 0x00, 0x00,
0x82, 0x10, 0x84, 0x20, 0x04, 0x21, 0x40, 0x42, 0x92, 0x10, 0x04, 0x00, 0x40, 0x32, 0x01, 0x00,
0xfe, 0xff, 0xff, 0xff, 0xff, 0xff, 0xff, 0x07, 0xff, 0xff, 0xff, 0xff, 0xff, 0xff, 0xff, 0xff,
0xff, 0xff, 0x7f, 0x00, 0x40, 0x09, 0x49, 0x12, 0x4c, 0x43, 0x00, 0x00, 0x08, 0x42, 0x10, 0x82,
0x10, 0x84, 0x04, 0x08, 0x00, 0x42, 0x10, 0x00, 0xa0, 0x84, 0x00, 0x00, 0xfe, 0xff, 0xff, 0xff,
0xff, 0xff, 0xff, 0x07, 0xff, 0xff, 0xff, 0xff, 0xff, 0xff, 0xff, 0xff, 0xff, 0xff, 0x3f, 0x00,
0x40, 0x92, 0x24, 0xc2, 0x88, 0x94, 0x00, 0x00, 0x21, 0x08, 0x41, 0x08, 0x42, 0x10, 0x90, 0x20,
0x49, 0x08, 0x01, 0x00, 0x20, 0xc9, 0x02, 0x00, 0xfe, 0xff, 0xff, 0xff, 0xff, 0xff, 0xff, 0x07,
0xff, 0xff, 0xff, 0xff, 0xff, 0xff, 0xff, 0xff, 0xff, 0xff, 0x7f, 0x00, 0x80, 0x64, 0xb2, 0x2c,
0x33, 0x24, 0x00, 0x00, 0x84, 0x20, 0x04, 0x21, 0x08, 0x41, 0x02, 0x02, 0x00, 0x21, 0x04, 0x00,
0x40, 0x2a, 0x01, 0x00, 0xfe, 0xff, 0xff, 0xff, 0xff, 0xff, 0xff, 0x07, 0xff, 0xff, 0xff, 0xff,
0xff, 0xff, 0xff, 0xff, 0xff, 0xff, 0x7f, 0x00, 0x80, 0x4d, 0x8b, 0x29, 0x65, 0x6b, 0x00, 0x00,
0x10, 0x82, 0x10, 0x84, 0x20, 0x04, 0x48, 0x48, 0x12, 0x84, 0x10, 0x00, 0xc0, 0x08, 0x01, 0x00,
0xfe, 0xff, 0xff, 0xff, 0xff, 0xff, 0xff, 0x07, 0xff, 0xff, 0xff, 0xff, 0xff, 0xff, 0xff, 0xff,
0xff, 0xff, 0x3f, 0x00, 0x40, 0x92, 0x68, 0xd2, 0x8c, 0xc8, 0x00, 0x00, 0x41, 0x08, 0x42, 0x10,
0x82, 0x90, 0x00, 0x01, 0x40, 0x10, 0x02, 0x00, 0x20, 0xd1, 0x04, 0x00, 0xfe, 0xff, 0xff, 0xff,
0xff, 0xff, 0xff, 0x07, 0xff, 0xff, 0xff, 0xff, 0xff, 0xff, 0xff, 0xff, 0xff, 0xff, 0x7f, 0x00,
0x40, 0x90, 0x00, 0x12, 0x20, 0x12, 0x00, 0x00, 0x04, 0x21, 0x08, 0x41, 0x08, 0x02, 0x12, 0x24,
0x09, 0x41, 0x08, 0x00, 0x20, 0x15, 0x01, 0x00, 0xfe, 0xff, 0xff, 0xff, 0xff, 0xff, 0xff, 0x07,
0xff, 0xff, 0xff, 0x1f, 0x00, 0x00, 0x00, 0xfe, 0xff, 0x01, 0x00, 0x00, 0x00, 0x00, 0x00, 0x00,
0x00, 0x00, 0x00, 0x00, 0x10, 0x84, 0x20, 0x04, 0x21, 0x48, 0x40, 0x00, 0x20, 0x04, 0x01, 0x00,
0x40, 0x26, 0x01, 0x00, 0x00, 0x80, 0xff, 0xff, 0xff, 0xff, 0xff, 0x07, 0xff, 0xff, 0xff, 0x1f,
0x00, 0x00, 0x00, 0xfc, 0xff, 0x00, 0x80, 0x6d, 0x0b, 0x00, 0x00, 0x00, 0x00, 0x00, 0x00, 0x00,
0x41, 0x10, 0x82, 0x10, 0x84, 0x00, 0x09, 0x49, 0x82, 0x10, 0x04, 0x00, 0xc0, 0xc8, 0x6c, 0xdb,
0x00, 0x00, 0xff, 0xff, 0xff, 0xff, 0xff, 0x07, 0xff, 0xff, 0xff, 0x1f, 0x00, 0x00, 0x00, 0xfc,
0xff, 0x00, 0x00, 0x49, 0x0a, 0x00, 0x00, 0x00, 0x00, 0x00, 0x00, 0x00, 0x04, 0x41, 0x08, 0x42,
0x10, 0x12, 0x20, 0x00, 0x08, 0x42, 0x10, 0x00, 0x20, 0x49, 0x92, 0x24, 0x01, 0x00, 0xff, 0xff,
0xff, 0xff, 0xff, 0x07, 0xff, 0xff, 0xff, 0x1f, 0x00, 0x00, 0x00, 0xfc, 0xff, 0x00, 0x00, 0x93,
0x04, 0x00, 0x00, 0x00, 0x00, 0x00, 0x00, 0x00, 0x10, 0x04, 0x21, 0x08, 0x41, 0x40, 0x82, 0x24,
0x21, 0x08, 0x01, 0x00, 0x20, 0x31, 0x99, 0x24, 0x01, 0x80, 0xff, 0xff, 0xff, 0xff, 0xff, 0x07,
0xff, 0xff, 0xff, 0x1f, 0x00, 0x00, 0x00, 0xfc, 0xff, 0x00, 0x00, 0x24, 0x15, 0x00, 0x00, 0x00,
0x00, 0x00, 0x00, 0x00, 0x41, 0x10, 0x84, 0x20, 0x04, 0x09, 0x08, 0x00, 0x84, 0x20, 0x04, 0x00,
0x40, 0x86, 0x24, 0xc9, 0x00, 0x00, 0xff, 0xff, 0xff, 0xff, 0xff, 0x07, 0xff, 0xff, 0xff, 0x1f,
0x00, 0x00, 0x00, 0xfc, 0xff, 0x00, 0x80, 0x49, 0x04, 0x00, 0x00, 0x00, 0x00, 0x00, 0x00, 0x00,
0x04, 0x41, 0x10, 0x82, 0x10, 0x20, 0x21, 0x49, 0x10, 0x82, 0x10, 0x00, 0xc0, 0xc8, 0x24, 0x49,
0x00, 0x00, 0xff, 0xff, 0xff, 0xff, 0xff, 0x07, 0xff, 0xff, 0xff, 0x1f, 0x00, 0x00, 0x00, 0xfc,
0xff, 0x00, 0x00, 0x92, 0x0c, 0x00, 0x00, 0x00, 0x00, 0x00, 0x00, 0x00, 0x10, 0x04, 0x41, 0x08,
0x42, 0x02, 0x04, 0x00, 0x41, 0x08, 0x02, 0x00, 0x20, 0x19, 0x49, 0x12, 0x01, 0x80, 0xff, 0xff,
0xff, 0xff, 0xff, 0x07, 0xff, 0xff, 0xff, 0x1f, 0x00, 0x00, 0x00, 0xfc, 0xff, 0x00, 0x00, 0x33,
0x03, 0x00, 0x00, 0x00, 0x00, 0x00, 0x00, 0x00, 0x41, 0x10, 0x04, 0x21, 0x08, 0x48, 0x90, 0x24,
0x04, 0x21, 0x08, 0x00, 0x20, 0x25, 0x93, 0xd2, 0x00, 0x00, 0xff, 0xff, 0xff, 0xff, 0xff, 0x07,
0xff, 0xff, 0xff, 0x1f, 0x00, 0x00, 0x00, 0xfc, 0xff, 0x00, 0x00, 0x49, 0x18, 0x00, 0x00, 0x00,
0x00, 0x00, 0x00, 0x00, 0x04, 0x41, 0x10, 0x84, 0x20, 0x01, 0x01, 0x80, 0x10, 0x84, 0x00, 0x00,
0x40, 0x24, 0xa4, 0x24, 0x00, 0x00, 0xff, 0xff, 0xff, 0xff, 0xff, 0x07, 0xff, 0xff, 0xff, 0x1f,
0x00, 0x00, 0x00, 0xfc, 0xff, 0x00, 0x00, 0x42, 0x06, 0x00, 0x00, 0x00, 0x00, 0x00, 0x00, 0x00,
0x10, 0x04, 0x41, 0x10, 0x02, 0x24, 0x24, 0x09, 0x42, 0x10, 0x12, 0x00, 0xc0, 0xc8, 0x24, 0xa5,
0x00, 0x80, 0xff, 0xff, 0xff, 0xff, 0xff, 0x07, 0xff, 0xff, 0xff, 0x1f, 0x00, 0x00, 0x00, 0xfc,
0xff, 0x00, 0x80, 0x94, 0x04, 0x00, 0x00, 0x00, 0x00, 0x00, 0x00, 0x00, 0x41, 0x10, 0x04, 0x41,
0x48, 0x80, 0x00, 0x20, 0x08, 0x41, 0x00, 0x00, 0x20, 0x13, 0x19, 0xc9, 0x00, 0x00, 0xff, 0xff,
0xff, 0xff, 0xff, 0x07, 0xff, 0xff, 0xff, 0x1f, 0x00, 0x00, 0x00, 0xfc, 0xff, 0x00, 0x00, 0x35,
0x09, 0x00, 0x00, 0x00, 0x00, 0x00, 0x00, 0x00, 0x04, 0x41, 0x10, 0x04, 0x01, 0x09, 0x92, 0x84,
0x20, 0x04, 0x09, 0x00, 0x20, 0x54, 0xc1, 0x48, 0x00, 0x00, 0xff, 0xff, 0xff, 0xff, 0xff, 0x07,
0xff, 0xff, 0xff, 0x1f, 0x00, 0x00, 0x00, 0xfc, 0xff, 0x00, 0x00, 0x49, 0x0b, 0x00, 0x00, 0x00,
0x00, 0x00, 0x00, 0x00, 0x10, 0x04, 0x41, 0x10, 0x24, 0x20, 0x00, 0x10, 0x82, 0x10, 0x08, 0x00,
0xc0, 0x64, 0x16, 0x26, 0x01, 0x80, 0xff, 0xff, 0xff, 0xff, 0xff, 0x07, 0xff, 0xff, 0xff, 0x1f,
0x00, 0x00, 0x00, 0xfc, 0xff, 0x00, 0x00, 0x43, 0x04, 0x00, 0x00, 0x00, 0x00, 0x00, 0x00, 0x00,
0x41, 0x10, 0x04, 0x41, 0x80, 0x84, 0x24, 0x41, 0x08, 0x42, 0x02, 0x00, 0x40, 0x23, 0xd2, 0x30,
0x00, 0x00, 0xff, 0xff, 0xff, 0xff, 0xff, 0x07, 0xff, 0xff, 0xb6, 0x0d, 0x00, 0x00, 0x00, 0xde,
0x76, 0x00, 0x00, 0x10, 0x10, 0x00, 0x00, 0x00, 0x00, 0x00, 0x00, 0x00, 0x04, 0x41, 0x10, 0x04,
0x09, 0x10, 0x00, 0x04, 0x21, 0x00, 0x00, 0x00, 0x00, 0x08, 0x08, 0x93, 0x00, 0x00, 0xb7, 0xed,
0xff, 0xff, 0xff, 0x07, 0xff, 0x3f, 0x00, 0x60, 0x33, 0x33, 0xb3, 0x00, 0x00, 0x49, 0x12, 0x00,
0xc0, 0x66, 0x66, 0x66, 0x66, 0x66, 0x00, 0x00, 0x10, 0x04, 0x41, 0x10, 0x20, 0x41, 0x92, 0x10,
0x04, 0x00, 0x00, 0x00, 0x00, 0x00, 0x68, 0xcc, 0x92, 0x24, 0x00, 0xc0, 0xff, 0xff, 0xff, 0x07,
0xff, 0x3f, 0x00, 0xc0, 0xec, 0xec, 0xec, 0x01, 0x00, 0x66, 0x1a, 0x00, 0xc0, 0xdc, 0xd9, 0xd9,
0xd9, 0xd9, 0x00, 0x00, 0x41, 0x10, 0x04, 0x41, 0x02, 0x04, 0x00, 0x42, 0x10, 0x00, 0x00, 0x00,
0x00, 0x00, 0x20, 0x21, 0x66, 0x32, 0x00, 0xc0, 0xff, 0xff, 0xff, 0x07, 0xff, 0x7f, 0x00, 0xc0,
0xa6, 0xcd, 0x26, 0x01, 0x00, 0x94, 0x29, 0x00, 0x40, 0x93, 0x4d, 0x9b, 0x4d, 0x5b, 0x00, 0x00,
0x04, 0x41, 0x10, 0x04, 0x48, 0x90, 0x24, 0x08, 0x41, 0x00, 0x00, 0x00, 0x00, 0x00, 0x90, 0x8c,
0x4c, 0x4b, 0x00, 0xc0, 0xff, 0xff, 0xff, 0x07, 0xff, 0x3f, 0x00, 0x20, 0x19, 0x11, 0x99, 0x00,
0x00, 0x04, 0x24, 0x00, 0x40, 0x29, 0x32, 0x22, 0x32, 0x62, 0x00, 0x00, 0x10, 0x04, 0x41, 0x90,
0x00, 0x01, 0x80, 0x20, 0x04, 0x00, 0x00, 0x00, 0x00, 0x00, 0x90, 0x52, 0x10, 0x48, 0x00, 0xc0,
0xff, 0xff, 0xff, 0x07, 0xff, 0x3f, 0x00, 0xc0, 0x64, 0x36, 0xe5, 0x02, 0x00, 0x72, 0x12, 0x00,
0xc0, 0x6c, 0xca, 0x6c, 0xca, 0xac, 0x00, 0x00, 0x41, 0x10, 0x04, 0x01, 0x12, 0x24, 0x09, 0x82,
0x10, 0x00, 0x00, 0x00, 0x00, 0x00, 0x30, 0x52, 0x93, 0x32, 0x00, 0xc0, 0xff, 0xff, 0xff, 0x07,
0xff, 0x7f, 0x00, 0xc0, 0x96, 0xe5, 0x96, 0x00, 0x00, 0x8a, 0x19, 0x00, 0x80, 0xc5, 0x2d, 0xcb,
0x2d, 0xb3, 0x00, 0x00, 0x04, 0x41, 0x10, 0x24, 0x40, 0x00, 0x20, 0x08, 0x42, 0x00, 0x00, 0x00,
0x00, 0x00, 0x20, 0x09, 0xc9, 0x24, 0x00, 0xc0, 0xff, 0xff, 0xff, 0x07, 0xff, 0x3f, 0x00, 0x20,
0xd9, 0x8c, 0x98, 0x01, 0x00, 0x24, 0x24, 0x00, 0x20, 0x35, 0xb1, 0x19, 0xb1, 0x49, 0x00, 0x00,
0x10, 0x04, 0x41, 0x80, 0x04, 0x49, 0x82, 0x20, 0x08, 0x00, 0x00, 0x00, 0x00, 0x00, 0xc8, 0x64,
0x24, 0x49, 0x00, 0xc0, 0xff, 0xff, 0xff, 0x07, 0xff, 0x3f, 0x00, 0xc0, 0x4c, 0x5a, 0x6b, 0x01,
0x00, 0x24, 0x23, 0x00, 0xc0, 0x4c, 0x96, 0xb4, 0x96, 0x6c, 0x00, 0x00, 0x41, 0x10, 0x04, 0x09,
0x10, 0x00, 0x08, 0x82, 0x20, 0x00, 0x00, 0x00, 0x00, 0x00, 0x10, 0x46, 0x26, 0x19, 0x00, 0xc0,
0xff, 0xff, 0xff, 0x07, 0xff, 0x7f, 0x00, 0xc0, 0x32, 0x53, 0x26, 0x01, 0x00, 0xca, 0x18, 0x00,
0xc0, 0xb2, 0x65, 0xa6, 0xd2, 0xa6, 0x00, 0x00, 0x04, 0x41, 0x10, 0x20, 0x41, 0x92, 0x20, 0x08,
0x02, 0x00, 0x00, 0x00, 0x00, 0x00, 0x30, 0x99, 0x48, 0x22, 0x00, 0xc0, 0xff, 0xff, 0xff, 0x07,
0xff, 0x3f, 0x00, 0x20, 0x93, 0xe5, 0xd4, 0x00, 0x00, 0x12, 0x12, 0x00, 0x80, 0x99, 0xcc, 0x69,
0x4e, 0xb2, 0x00, 0x00, 0x10, 0x04, 0x41, 0x02, 0x04, 0x00, 0x82, 0x20, 0x08, 0x00, 0x00, 0x00,
0x00, 0x00, 0x20, 0x21, 0x93, 0x24, 0x00, 0xc0, 0xff, 0xff, 0xff, 0x07, 0xff, 0x3f, 0x00, 0xc0,
0x6c, 0x2c, 0xd9, 0x00, 0x00, 0x24, 0x13, 0x00, 0x40, 0xcd, 0x1a, 0x4b, 0x69, 0x4d, 0x00, 0x00,
0x41, 0x10, 0x04, 0x48, 0x90, 0x24, 0x08, 0x82, 0x20, 0x00, 0x00, 0x00, 0x00, 0x00, 0x48, 0x26,
0x31, 0x95, 0x00, 0xc0, 0xff, 0xff, 0xff, 0x07, 0xff, 0x7f, 0x00, 0xc0, 0xcc, 0x4a, 0x8b, 0x01,
0x00, 0x6c, 0x4c, 0x00, 0x40, 0x31, 0x33, 0x9a, 0x99, 0x69, 0x00, 0x00, 0x04, 0x41, 0x90, 0x00,
0x01, 0x80, 0x20, 0x08, 0x12, 0x00, 0x00, 0x00, 0x00, 0x00, 0xd0, 0xd8, 0x4c, 0x59, 0x00, 0xc0,
0xff, 0xff, 0xff, 0x07, 0xff, 0x3f, 0x00, 0x20, 0x93, 0xda, 0x32, 0x01, 0x00, 0x92, 0x29, 0x00,
0xc0, 0x66, 0xe4, 0xb2, 0x26, 0xa6, 0x00, 0x00, 0x92, 0x24, 0x09, 0x09, 0x24, 0x09, 0x82, 0x90,
0x10, 0x00, 0x00, 0x00, 0x00, 0x00, 0x90, 0x12, 0x92, 0x22, 0x00, 0xc0, 0xff, 0xff, 0xff, 0x07,
0xff, 0x3f, 0x00, 0xc0, 0x34, 0x93, 0xd4, 0x00, 0x00, 0x10, 0x20, 0x00, 0xc0, 0xcc, 0x96, 0x26,
0xe9, 0xb4, 0x00, 0x00, 0x00, 0x00, 0x40, 0x20, 0x00, 0x20, 0x08, 0x02, 0x04, 0x00, 0x00, 0x00,
0x00, 0x00, 0x20, 0x42, 0x22, 0x22, 0x00, 0xc0, 0xff, 0xff, 0xff, 0x07, 0xff, 0x7f, 0x00, 0xc0,
0xcc, 0x24, 0x45, 0x02, 0x00, 0x00, 0x00, 0x00, 0x30, 0x99, 0x32, 0x59, 0x9b, 0x65, 0x02, 0x00,
0x00, 0x00, 0x00, 0x80, 0x48, 0x82, 0x20, 0x00, 0x00, 0x00, 0x00, 0x00, 0x00, 0x00, 0x00, 0x00,
0x00, 0x00, 0x00, 0xc0, 0xff, 0xff, 0xff, 0x07, 0xff, 0x3f, 0x00, 0x20, 0x33, 0x4b, 0x92, 0x01,
0x00, 0x00, 0x80, 0xff, 0x27, 0x33, 0xcd, 0x59, 0x12, 0x9b, 0xfd, 0x3f, 0x00, 0x00, 0x00, 0x40,
0x02, 0x08, 0x82, 0x00, 0x00, 0x02, 0x00, 0x00, 0x00, 0x00, 0x00, 0x00, 0x00, 0x00, 0x00, 0xc0,
0xff, 0xff, 0xff, 0x07, 0xff, 0x3f, 0x00, 0xc0, 0x64, 0x4a, 0x92, 0x00, 0x00, 0x00, 0x80, 0x49,
0x6e, 0x66, 0x99, 0xa6, 0x65, 0x92, 0x25, 0x39, 0x00, 0x00, 0x00, 0x00, 0x90, 0x20, 0x08, 0x00,
0x00, 0x48, 0x92, 0x24, 0x03, 0x00, 0x00, 0x00, 0x00, 0x00, 0x00, 0xc0, 0xff, 0xff, 0xff, 0x07,
0xff, 0x7f, 0x00, 0xc0, 0xcc, 0x92, 0x49, 0x00, 0x00, 0x00, 0x00, 0xb3, 0x98, 0x99, 0x66, 0x32,
0xed, 0x6c, 0x9a, 0x49, 0x00, 0x00, 0x00, 0x20, 0x01, 0x82, 0x20, 0x00, 0x00, 0x01, 0x00, 0x00,
0x08, 0x00, 0x00, 0x00, 0x00, 0x00, 0x00, 0xc0, 0xff, 0xff, 0xff, 0x07, 0xff, 0x3f, 0x00, 0x20,
0x9b, 0x16, 0x4c, 0x01, 0x00, 0x00, 0x00, 0xa6, 0x91, 0xc9, 0x64, 0x4d, 0x89, 0x49, 0xd2, 0x26,
0x00, 0x00, 0x00, 0x00, 0x24, 0x08, 0x82, 0x00, 0x00, 0x24, 0x49, 0x92, 0x00, 0x00, 0x00, 0x00,
0x00, 0x00, 0x00, 0xc0, 0xff, 0xff, 0xff, 0x07, 0xff, 0x3f, 0x00, 0xc0, 0x30, 0xc9, 0x24, 0x01,
0x00, 0x00, 0x80, 0x19, 0x67, 0x36, 0x9b, 0x69, 0x36, 0xb3, 0x15, 0x32, 0x00, 0x00, 0x00, 0x40,
0x80, 0x20, 0x08, 0x00, 0x00, 0x00, 0x00, 0x00, 0x02, 0x00, 0x00, 0x00, 0x00, 0x00, 0x00, 0xc0,
0xff, 0xff, 0xff, 0x07, 0xff, 0x7f, 0x00, 0xc0, 0x66, 0x49, 0x92, 0x00, 0x00, 0x00, 0x00, 0xd3,
0x6c, 0xa6, 0x92, 0xca, 0x52, 0x96, 0xec, 0x4c, 0x00, 0x00, 0x00, 0x00, 0x09, 0x82, 0x20, 0x00,
0x00, 0x92, 0x24, 0x49, 0x00, 0x00, 0x00, 0x00, 0x00, 0x00, 0x00, 0xc0, 0xff, 0xff, 0xff, 0x07,
0xff, 0x3f, 0x00, 0x20, 0x4b, 0x27, 0xd3, 0x00, 0x00, 0x00, 0x00, 0x33, 0x89, 0xa9, 0x6c, 0x96,
0xda, 0xd4, 0xca, 0x1a, 0x00, 0x00, 0x00, 0x20, 0x20, 0x08, 0x82, 0x00, 0x00, 0x00, 0x00, 0x00,
0x01, 0x00, 0x00, 0x00, 0x00, 0x00, 0x00, 0xc0, 0xff, 0xff, 0xff, 0x07, 0xff, 0x3f, 0x00, 0xc0,
0x98, 0x24, 0x04, 0x01, 0x00, 0x00, 0x80, 0x4c, 0xdb, 0xcc, 0x29, 0x35, 0x23, 0x33, 0x33, 0x33,
0x00, 0x00, 0x00, 0x80, 0x84, 0x20, 0x08, 0x00, 0x00, 0x24, 0x49, 0x12, 0x04, 0x00, 0x00, 0x00,
0x00, 0x00, 0x00, 0xc0, 0xff, 0xff, 0xff, 0x07, 0xff, 0x7f, 0x00, 0xc0, 0xb6, 0x9a, 0x69, 0x00,
0x00, 0x00, 0x80, 0x65, 0x52, 0x56, 0xe6, 0x64, 0xad, 0x29, 0x25, 0x25, 0x00, 0x00, 0x00, 0x00,
0x10, 0x82, 0x20, 0x00, 0x00, 0x00, 0x00, 0x40, 0x04, 0x00, 0x00, 0x00, 0x00, 0x00, 0x00, 0xc0,
0xff, 0xff, 0xff, 0x07, 0xff, 0x3f, 0x00, 0x20, 0xc9, 0x42, 0x82, 0x01, 0x00, 0x00, 0x00, 0xb3,
0x96, 0x31, 0x93, 0x9a, 0x94, 0xcc, 0x6c, 0x36, 0x00, 0x00, 0x00, 0x20, 0x41, 0x08, 0x82, 0x00,
0x00, 0x49, 0x92, 0x04, 0x01, 0x00, 0x00, 0x00, 0x00, 0x00, 0x00, 0xc0, 0xff, 0xff, 0xff, 0x07,
0xff, 0x3f, 0x00, 0xc0, 0x4c, 0x56, 0x36, 0x01, 0x00, 0x00, 0x00, 0x9a, 0x34, 0xab, 0x9c, 0x93,
0x59, 0xb3, 0xca, 0x18, 0x00, 0x00, 0x00, 0x00, 0x04, 0x21, 0x48, 0x00, 0x00, 0x00, 0x00, 0x10,
0x00, 0x00, 0x00, 0x00, 0x00, 0x00, 0x00, 0xc0, 0xff, 0xff, 0xff, 0x07, 0xff, 0x7f, 0x00, 0xc0,
0x36, 0x99, 0x49, 0x00, 0x00, 0x00, 0x80, 0x65, 0x65, 0xca, 0x64, 0x74, 0x66, 0x26, 0x33, 0x6b,
0x00, 0x00, 0x00, 0x40, 0x10, 0x44, 0x21, 0x00, 0x00, 0x92, 0x24, 0x41, 0x02, 0x00, 0x00, 0x00,
0x00, 0x00, 0x00, 0xc0, 0xff, 0xff, 0xff, 0x07, 0xff, 0x3f, 0x00, 0x20, 0x91, 0x25, 0xc8, 0x00,
0x00, 0x00, 0x00, 0x25, 0xcb, 0x4c, 0x33, 0x4b, 0xa6, 0xcc, 0xcc, 0x24, 0x00, 0x00, 0x00, 0x00,
0x41, 0x10, 0x84, 0x00, 0x00, 0x00, 0x00, 0x04, 0x08, 0x00, 0x00, 0x00, 0x00, 0x00, 0x00, 0xc0,
0xff, 0xff, 0xff, 0x07, 0xff, 0x3f, 0x00, 0xc0, 0x6c, 0x06, 0x02, 0x00, 0x00, 0x00, 0x80, 0xd9,
0x98, 0x35, 0xcb, 0xca, 0x99, 0xd9, 0x4c, 0x1d, 0x00, 0x00, 0x00, 0x00, 0x00, 0x00, 0x00, 0x00,
0x00, 0x24, 0x49, 0x90, 0x00, 0x00, 0x00, 0x00, 0x00, 0x00, 0x00, 0x80, 0xd9, 0xfc, 0xff, 0x07,
0xff, 0x7f, 0x00, 0xc0, 0xa6, 0x01, 0x00, 0xdc, 0xb6, 0x6d, 0x5b, 0x96, 0x35, 0xb1, 0xcc, 0x34,
0x59, 0x13, 0x33, 0xd3, 0xb6, 0x6d, 0xdb, 0x06, 0x00, 0x00, 0x00, 0x00, 0x00, 0x00, 0x00, 0x01,
0x02, 0x00, 0x00, 0x00, 0x00, 0x00, 0x00, 0x00, 0x00, 0xe0, 0xff, 0x07, 0xff, 0x3f, 0x00, 0x20,
0x99, 0x05, 0x00, 0xb4, 0x6d, 0xdb, 0x5a, 0x65, 0x66, 0xce, 0x34, 0x95, 0x66, 0x66, 0x99, 0xb2,
0xad, 0x99, 0x99, 0x05, 0x00, 0x00, 0x00, 0x00, 0x00, 0x92, 0x24, 0x24, 0x08, 0x00, 0x20, 0x49,
0x92, 0x24, 0x00, 0x00, 0x00, 0xe0, 0xff, 0x07, 0xff, 0x3f, 0x00, 0xc0, 0x64, 0x06, 0x00, 0x28,
0x49, 0x92, 0x66, 0x99, 0xca, 0x12, 0x93, 0xd9, 0xa4, 0x6c, 0xe6, 0x8c, 0x69, 0xd6, 0x64, 0x05,
0x00, 0x00, 0x00, 0x00, 0x00, 0x00, 0x80, 0x80, 0x00, 0x00, 0x00, 0x00, 0x00, 0x20, 0x00, 0x00,
0x00, 0xf0, 0xff, 0x07, 0xff, 0x7f, 0x00, 0xc0, 0x96, 0x02, 0x00, 0x68, 0x92, 0x24, 0x89, 0xa6,
0x99, 0x76, 0x6b, 0x26, 0xad, 0x89, 0x49, 0x65, 0x92, 0x24, 0x67, 0x06, 0x00, 0x00, 0x00, 0x00,
0x00, 0x24, 0x09, 0x12, 0x02, 0x00, 0x90, 0x24, 0x49, 0x02, 0x00, 0x00, 0x00, 0xe0, 0xff, 0x07,
0xff, 0x3f, 0x00, 0x20, 0x99, 0x01, 0x00, 0xcc, 0xb6, 0x6d, 0xb9, 0x6c, 0x66, 0x44, 0x4c, 0x65,
0x33, 0xb3, 0x1c, 0x33, 0x93, 0x29, 0x99, 0x02, 0x00, 0x00, 0x00, 0x00, 0x00, 0x02, 0x20, 0x40,
0x08, 0x00, 0x00, 0x00, 0x00, 0x48, 0x00, 0x00, 0x00, 0xf0, 0xff, 0x07, 0xff, 0x3f, 0x00, 0xc0,
0x6c, 0x07, 0x00, 0x98, 0x4c, 0x99, 0x26, 0x93, 0x4c, 0xdb, 0x54, 0x59, 0x52, 0x36, 0xb3, 0x9a,
0x6c, 0xdb, 0x94, 0x09, 0x00, 0x00, 0x00, 0x00, 0x00, 0x48, 0x82, 0x04, 0x01, 0x00, 0x20, 0x49,
0x92, 0x00, 0x00, 0x00, 0x00, 0xe0, 0xff, 0x07, 0xff, 0x7f, 0x00, 0xc0, 0x22, 0x02, 0x00, 0x98,
0x49, 0x93, 0xd2, 0xb4, 0xd9, 0x28, 0x33, 0x9b, 0xcd, 0xc4, 0xe2, 0xcc, 0x66, 0x52, 0x66, 0x06,
0x00, 0x00, 0x00, 0x00, 0x00, 0x00, 0x08, 0x10, 0x04, 0x00, 0x00, 0x00, 0x00, 0x12, 0x00, 0x00,
0x00, 0xe0, 0xff, 0x07, 0xff, 0x3f, 0x00, 0x20, 0x9b, 0x01, 0x00, 0x64, 0xb6, 0x6c, 0x9d, 0x4d,
0x26, 0xa7, 0xa9, 0xa2, 0xb4, 0x59, 0x0e, 0x65, 0x92, 0xa6, 0x99, 0x06, 0x00, 0x00, 0x00, 0x00,
0x00, 0x92, 0x20, 0x41, 0x00, 0x00, 0x90, 0x24, 0x49, 0x20, 0x00, 0x00, 0x00, 0xf0, 0xff, 0x07,
0xff, 0x3f, 0x00, 0xc0, 0xd4, 0x06, 0x00, 0x34, 0x93, 0x62, 0x61, 0x52, 0x29, 0x59, 0xce, 0x6c,
0x26, 0x9b, 0xb9, 0x99, 0x99, 0x39, 0xb3, 0x01, 0x00, 0x00, 0x00, 0x00, 0x00, 0x00, 0x02, 0x04,
0x01, 0x00, 0x00, 0x00, 0x00, 0x09, 0x00, 0x00, 0x00, 0xe0, 0xff, 0x07, 0xff, 0x7f, 0x00, 0xc0,
0x24, 0x03, 0x00, 0x98, 0xcc, 0x9a, 0x4e, 0x32, 0x6b, 0x52, 0x52, 0x4d, 0x4b, 0x62, 0x62, 0x2a,
0x6d, 0x42, 0x26, 0x0d, 0x00, 0x00, 0x00, 0x00, 0x00, 0x24, 0x48, 0x10, 0x04, 0x00, 0x20, 0x49,
0x12, 0x40, 0x00, 0x00, 0x00, 0xe0, 0xff, 0x07, 0xff, 0x3f, 0x00, 0x20, 0x6b, 0x02, 0x00, 0xc8,
0x64, 0xa6, 0x98, 0xcd, 0x94, 0xa7, 0x19, 0xd3, 0xd8, 0x2c, 0x9b, 0x65, 0x25, 0xef, 0x4c, 0x03,
0x00, 0x00, 0x00, 0x00, 0x00, 0x82, 0x00, 0x41, 0x00, 0x00, 0x00, 0x00, 0x40, 0x12, 0x00, 0x00,
0x00, 0xf0, 0xff, 0x07, 0xff, 0x3f, 0x00, 0x60, 0xdb, 0x06, 0x00, 0x6c, 0x9b, 0x6d, 0xb3, 0x6d,
0xb7, 0xac, 0xed, 0x34, 0x33, 0xab, 0x49, 0xd6, 0xb6, 0x99, 0xd9, 0x06, 0x00, 0x00, 0x00, 0x00,
0x00, 0x08, 0x12, 0x04, 0x03, 0x00, 0x90, 0x24, 0x09, 0x00, 0x00, 0x00, 0x00, 0xe0, 0xff, 0x07,
0xff, 0x7f, 0x00, 0xc0, 0x94, 0x01, 0x00, 0x98, 0xd9, 0x58, 0x67, 0x32, 0x69, 0x5b, 0x26, 0x4d,
0xa6, 0x69, 0x66, 0x92, 0xda, 0x34, 0xb3, 0x04, 0x00, 0x00, 0x00, 0x00, 0x00, 0x21, 0x21, 0x31,
0x08, 0x00, 0x00, 0x00, 0x20, 0x49, 0x00, 0x00, 0x00, 0xe0, 0xff, 0x07, 0xff, 0x7f, 0x00, 0x80,
0x24, 0x02, 0x00, 0x10, 0x06, 0x03, 0x08, 0x91, 0x08, 0x40, 0x98, 0xc9, 0x4c, 0x46, 0xb6, 0x39,
0x00, 0x46, 0x04, 0x01, 0x00, 0x00, 0x00, 0x00, 0x00, 0x00, 0x00, 0x00, 0x00, 0x00, 0x20, 0x49,
0x02, 0x00, 0x00, 0x00, 0x00, 0xf0, 0xff, 0x07, 0xff, 0xff, 0xff, 0x1f, 0x00, 0x48, 0x88, 0x00,
0x00, 0x00, 0x00, 0x00, 0x00, 0x00, 0x60, 0x3a, 0x73, 0xda, 0x98, 0x26, 0x00, 0x00, 0x00, 0x00,
0x00, 0x00, 0x00, 0x00, 0x00, 0x00, 0x00, 0x00, 0x00, 0x00, 0x00, 0x00, 0x48, 0x12, 0x00, 0x00,
0x00, 0x00, 0x00, 0x00, 0xff, 0xff, 0xff, 0x1f, 0x00, 0x70, 0xb7, 0x01, 0x00, 0x00, 0x00, 0x00,
0x00, 0x00, 0x60, 0xa6, 0x99, 0x99, 0x63, 0x1a, 0x00, 0x00, 0x00, 0x00, 0x00, 0x00, 0x00, 0x6c,
0x3b, 0x00, 0x00, 0x00, 0x40, 0x00, 0x44, 0x92, 0x00, 0x40, 0x02, 0x00, 0x00, 0x02, 0x00, 0x00,
0xff, 0xff, 0xff, 0x1f, 0x00, 0xb0, 0xb5, 0x01, 0x00, 0x00, 0x00, 0x00, 0x00, 0x00, 0x90, 0xc9,
0x4c, 0x25, 0x4d, 0x59, 0x00, 0x00, 0x00, 0x00, 0x00, 0x00, 0x00, 0x24, 0x49, 0x00, 0x00, 0x00,
0x00, 0x49, 0x10, 0x00, 0x92, 0x04, 0x48, 0x92, 0x24, 0x08, 0x00, 0x00, 0xff, 0xff, 0xff, 0x1f,
0x00, 0x20, 0x62, 0x00, 0x00, 0x00, 0x00, 0x00, 0x00, 0x00, 0x30, 0x5b, 0x66, 0x66, 0x59, 0x33,
0x00, 0x00, 0x00, 0x00, 0x00, 0x00, 0x00, 0x94, 0x24, 0x00, 0x00, 0x00, 0x20, 0x10, 0x83, 0x24,
0x00, 0x90, 0x40, 0x08, 0x21, 0x01, 0x00, 0x00, 0xff, 0xff, 0xff, 0x1f, 0x00, 0xb0, 0x4a, 0x03,
0x00, 0x00, 0x00, 0x00, 0x00, 0x00, 0x60, 0x92, 0x99, 0x5a, 0xa6, 0x0c, 0x00, 0x00, 0x00, 0x00,
0x00, 0x00, 0x00, 0x48, 0x32, 0x00, 0x00, 0x00, 0x80, 0x04, 0x08, 0x80, 0x24, 0x01, 0x12, 0x21,
0x08, 0x04, 0x00, 0x00, 0xff, 0xff, 0xff, 0x1f, 0x00, 0xd0, 0x9c, 0x01, 0x00, 0x00, 0x00, 0x00,
0x00, 0x00, 0x60, 0x36, 0xd3, 0x98, 0x99, 0x39, 0x00, 0x00, 0x00, 0x00, 0x00, 0x00, 0x00, 0x4a,
0x12, 0x00, 0x00, 0x00, 0x00, 0x20, 0x20, 0x09, 0x00, 0x24, 0x00, 0x84, 0x40, 0x00, 0x00, 0x00,
0xff, 0xff, 0xff, 0x1f, 0x00, 0x50, 0x65, 0x00, 0x00, 0x00, 0x00, 0x00, 0x00, 0x00, 0x90, 0xc9,
0x94, 0xa5, 0x59, 0x26, 0x00, 0x00, 0x00, 0x00, 0x00, 0x00, 0x00, 0xc8, 0x24, 0x00, 0x00, 0x00,
0x40, 0x82, 0x04, 0x20, 0x49, 0x80, 0x24, 0x10, 0x12, 0x09, 0x00, 0x00, 0xff, 0xff, 0xff, 0x1f,
0x00, 0x30, 0xd3, 0x00, 0x00, 0x00, 0x00, 0x00, 0x00, 0x00, 0x30, 0x59, 0x36, 0x67, 0x66, 0x19,
0x00, 0x00, 0x00, 0x00, 0x00, 0x00, 0x00, 0x24, 0x29, 0x00, 0x00, 0x00, 0x00, 0x08, 0x90, 0x04,
0x00, 0x09, 0x80, 0x40, 0x00, 0x00, 0x00, 0x00, 0xff, 0xff, 0xff, 0x1f, 0x00, 0xa0, 0x9c, 0x01,
0x00, 0x00, 0x00, 0x00, 0x00, 0x00, 0x60, 0x67, 0x63, 0x98, 0x92, 0x59, 0x00, 0x00, 0x00, 0x00,
0x00, 0x00, 0x00, 0x14, 0x49, 0x00, 0x00, 0x00, 0x80, 0x20, 0x01, 0x90, 0x24, 0x20, 0x09, 0x02,
0x49, 0x02, 0x00, 0x00, 0xff, 0xff, 0xff, 0x1f, 0x00, 0xb0, 0x24, 0x01, 0x00, 0x00, 0x00, 0x00,
0x00, 0x00, 0x60, 0x24, 0x99, 0xab, 0x9a, 0x26, 0x00, 0x00, 0x00, 0x00, 0x00, 0x00, 0x00, 0x48,
0x12, 0x00, 0x00, 0x00, 0x20, 0x02, 0x24, 0x01, 0x80, 0x04, 0x20, 0x08, 0x00, 0x04, 0x00, 0x00,
0xff, 0xff, 0xff, 0x1f, 0x00, 0x90, 0xb3, 0x01, 0x00, 0x00, 0x00, 0x00, 0x00, 0x00, 0x90, 0x99,
0xcc, 0xac, 0x6c, 0x32, 0x00, 0x00, 0x00, 0x00, 0x00, 0x00, 0x00, 0xca, 0x34, 0x00, 0x00, 0x00,
0x00, 0x48, 0x00, 0x24, 0x09, 0x90, 0x84, 0x20, 0x92, 0x00, 0x00, 0x00, 0xff, 0xff, 0xff, 0x1f,
0x00, 0x70, 0xce, 0x00, 0x00, 0x00, 0x00, 0x00, 0x00, 0x00, 0x30, 0xdb, 0x66, 0x92, 0x65, 0x1b,
0x00, 0x00, 0x00, 0x00, 0x00, 0x00, 0x00, 0x18, 0x25, 0x00, 0x00, 0x00, 0x40, 0x00, 0x49, 0x00,
0x20, 0x01, 0x10, 0x82, 0x00, 0x02, 0x00, 0x00, 0xff, 0xff, 0xff, 0x1f, 0x00, 0x60, 0x59, 0x03,
0x00, 0x00, 0x00, 0x00, 0x00, 0x00, 0x60, 0x66, 0x33, 0x73, 0x9b, 0x6d, 0x00, 0x00, 0x00, 0x00,
0x00, 0x00, 0x00, 0x64, 0x49, 0x00, 0x00, 0x00, 0x00, 0x11, 0x00, 0x49, 0x02, 0x24, 0x41, 0x08,
0x24, 0x08, 0x00, 0x00, 0xff, 0xff, 0xff, 0x1f, 0x00, 0x90, 0x51, 0x00, 0x00, 0x00, 0x00, 0x00,
0x00, 0x00, 0x60, 0x12, 0x99, 0x4d, 0x92, 0x24, 0x00, 0x00, 0x00, 0x00, 0x00, 0x00, 0x00, 0x04,
0x12, 0x00, 0x00, 0x00, 0x00, 0x44, 0x12, 0x00, 0x48, 0x00, 0x04, 0x21, 0x81, 0x00, 0x00, 0x00,
0xff, 0x7f, 0x26, 0x05, 0x00, 0x00, 0x04, 0x4c, 0x92, 0x24, 0x19, 0x00, 0x00, 0x00, 0x00, 0x00,
0xcc, 0xa4, 0x00, 0x80, 0x92, 0x24, 0x49, 0x06, 0x00, 0x00, 0x00, 0x80, 0x00, 0x00, 0x00, 0x00,
0x20, 0x00, 0x40, 0x92, 0x00, 0x49, 0x10, 0x04, 0x08, 0x06, 0x00, 0x00, 0xff, 0x3f, 0x00, 0x60,
0xdb, 0x06, 0x00, 0xfe, 0xff, 0xff, 0x7f, 0x00, 0x00, 0x00, 0x00, 0x00, 0x30, 0xb3, 0x00, 0x80,
0xff, 0xff, 0xff, 0x0f, 0x00, 0x00, 0x00, 0x00, 0x00, 0x00, 0x00, 0x00, 0x80, 0x88, 0x04, 0x00,
0x12, 0x00, 0x41, 0x90, 0x20, 0x00, 0x00, 0x00, 0xff, 0x3f, 0x00, 0xc0, 0xb6, 0x01, 0x00, 0xfc,
0xff, 0xff, 0x7f, 0x00, 0x00, 0x00, 0x00, 0x00, 0x98, 0x4c, 0x00, 0x80, 0xff, 0xff, 0xff, 0x0f,
0x00, 0x00, 0x00, 0x00, 0x00, 0x00, 0x00, 0x49, 0x12, 0x22, 0x90, 0x24, 0x40, 0x12, 0x04, 0x01,
0x82, 0x00, 0x00, 0x00, 0xff, 0x7f, 0x00, 0xc0, 0x24, 0x07, 0x00, 0xfc, 0xff, 0xff, 0x3f, 0x00,
0x00, 0x00, 0x00, 0x00, 0x68, 0x73, 0x00, 0x80, 0xff, 0xff, 0xff, 0x0f, 0x00, 0x00, 0x00, 0x00,
0x00, 0x00, 0x00, 0x00, 0x40, 0x00, 0x01, 0x80, 0x04, 0x40, 0x10, 0x24, 0x08, 0x02, 0x00, 0x00,
0xff, 0x3f, 0x00, 0x20, 0x59, 0x02, 0x00, 0xfc, 0xff, 0xff, 0x7f, 0x00, 0x00, 0x00, 0x00, 0x00,
0x28, 0xa5, 0x00, 0x80, 0xff, 0xff, 0xff, 0x0f, 0x00, 0x00, 0x00, 0x00, 0x00, 0x00, 0x80, 0x24,
0x09, 0x49, 0x24, 0x09, 0x90, 0x04, 0x41, 0x80, 0x20, 0x04, 0x00, 0x00, 0xff, 0x3f, 0x00, 0xa0,
0xc5, 0x02, 0x00, 0xfc, 0xff, 0xff, 0x7f, 0x00, 0x00, 0x00, 0x00, 0x00, 0x98, 0xad, 0x00, 0x80,
0xff, 0xff, 0xff, 0x0f, 0x00, 0x00, 0x00, 0x00, 0x00, 0x00, 0x00, 0x00, 0x20, 0x00, 0x00, 0x20,
0x01, 0x10, 0x04, 0x09, 0x82, 0x00, 0x00, 0x00, 0xff, 0x7f, 0x00, 0xc0, 0x9c, 0x05, 0x00, 0xfc,
0xff, 0xff, 0x3f, 0x00, 0x00, 0x00, 0x00, 0x00, 0x58, 0x32, 0x00, 0x80, 0xff, 0xff, 0xff, 0x0f,
0x00, 0x00, 0x00, 0x00, 0x00, 0x00, 0x00, 0x49, 0x82, 0x24, 0x49, 0x02, 0x24, 0x41, 0x10, 0x20,
0x08, 0x02, 0x00, 0x00, 0xff, 0x3f, 0x00, 0x40, 0x32, 0x05, 0x00, 0xfc, 0xff, 0xff, 0x7f, 0x00,
0x00, 0x00, 0x00, 0x00, 0xd0, 0xd2, 0x00, 0x80, 0xff, 0xff, 0xff, 0x0f, 0x00, 0x00, 0x00, 0x00,
0x00, 0x00, 0x00, 0x00, 0x08, 0x00, 0x00, 0x48, 0x00, 0x04, 0x41, 0x82, 0x20, 0x08, 0x00, 0x00,
0xff, 0x3f, 0x00, 0xc0, 0x65, 0x03, 0x00, 0xfc, 0xff, 0xff, 0x7f, 0x00, 0x00, 0x00, 0x00, 0x00,
0x34, 0x4d, 0x00, 0x80, 0xff, 0xff, 0xff, 0x0f, 0x00, 0x00, 0x00, 0x00, 0x00, 0x00, 0x80, 0x24,
0x21, 0x49, 0x92, 0x00, 0x49, 0x10, 0x04, 0x08, 0x82, 0x00, 0x00, 0x00, 0xff, 0x7f, 0x00, 0x20,
0x4d, 0x02, 0x00, 0xfc, 0xff, 0xff, 0x3f, 0x00, 0x00, 0x00, 0x00, 0x00, 0x48, 0x65, 0x00, 0x80,
0xff, 0xff, 0xff, 0x0f, 0x00, 0x00, 0x00, 0x00, 0x00, 0x00, 0x00, 0x00, 0x04, 0x00, 0x00, 0x12,
0x00, 0x41, 0x90, 0x20, 0x08, 0x06, 0x00, 0x00, 0xff, 0x3f, 0x00, 0xc0, 0x98, 0x05, 0x00, 0xfc,
0xff, 0xff, 0x7f, 0x00, 0x00, 0x00, 0x00, 0x00, 0x58, 0x99, 0x00, 0x80, 0xff, 0xff, 0xff, 0x0f,
0x00, 0x00, 0x00, 0x00, 0x00, 0x00, 0x00, 0x49, 0x90, 0x24, 0x49, 0x40, 0x12, 0x04, 0x01, 0x82,
0x20, 0x00, 0x00, 0x00, 0xff, 0x3f, 0x00, 0xc0, 0x66, 0x05, 0x00, 0xfc, 0xff, 0xff, 0x7f, 0x00,
0x00, 0x00, 0x00, 0x00, 0x30, 0x6b, 0x00, 0x80, 0xff, 0xff, 0xff, 0x0f, 0x00, 0x00, 0x00, 0x00,
0x00, 0x00, 0x00, 0x00, 0x01, 0x00, 0x00, 0x09, 0x40, 0x10, 0x24, 0x08, 0x82, 0x00, 0x00, 0x00,
0xff, 0x7f, 0x00, 0x20, 0x19, 0x03, 0x00, 0xfc, 0xff, 0xff, 0x3f, 0x00, 0x00, 0x00, 0x00, 0x00,
0xcc, 0x64, 0x00, 0x80, 0xff, 0xff, 0xff, 0x0f, 0x00, 0x00, 0x00, 0x00, 0x00, 0x00, 0x80, 0x24,
0x24, 0x49, 0x12, 0x20, 0x09, 0x41, 0x80, 0x20, 0x08, 0x02, 0x00, 0x00, 0xff, 0x3f, 0x00, 0xc0,
0xb2, 0x02, 0x00, 0xfc, 0xff, 0xff, 0x7f, 0x00, 0x00, 0x00, 0x00, 0x00, 0x98, 0x9c, 0x00, 0x80,
0xff, 0xff, 0xff, 0x0f, 0x00, 0x00, 0x00, 0x00, 0x00, 0x00, 0x00, 0x80, 0x00, 0x00, 0x40, 0x02,
0x20, 0x04, 0x09, 0x82, 0x20, 0x04, 0x00, 0x00, 0xff, 0x3f, 0x00, 0xc0, 0xa6, 0x06, 0x00, 0xfc,
0xff, 0xff, 0x7f, 0x00, 0x00, 0x00, 0x00, 0x00, 0x30, 0xd3, 0x00, 0x80, 0xff, 0xff, 0xff, 0x0f,
0x00, 0x00, 0x00, 0x00, 0x00, 0x00, 0x00, 0x09, 0x92, 0x24, 0x09, 0x48, 0x82, 0x10, 0x20, 0x08,
0x82, 0x00, 0x00, 0x00, 0xff, 0x7f, 0x00, 0x20, 0x99, 0x01, 0x00, 0xfc, 0xff, 0xff, 0x3f, 0x00,
0x00, 0x00, 0x00, 0x00, 0x64, 0x33, 0x00, 0x80, 0xff, 0xff, 0xff, 0x0f, 0x00, 0x00, 0x00, 0x00,
0x00, 0x00, 0x00, 0x20, 0x00, 0x00, 0x20, 0x01, 0x08, 0x42, 0x82, 0x20, 0x08, 0x02, 0x00, 0x00,
0xff, 0x3f, 0x00, 0xc0, 0x4c, 0x03, 0x00, 0xfc, 0xff, 0xff, 0x7f, 0x00, 0x00, 0x00, 0x00, 0x00,
0x98, 0x6c, 0x00, 0x80, 0xff, 0xff, 0xff, 0x0f, 0x00, 0x00, 0x00, 0x00, 0x00, 0x00, 0x80, 0x84,
0x24, 0x49, 0x02, 0x24, 0x21, 0x08, 0x08, 0x82, 0x20, 0x08, 0x00, 0x00, 0xff, 0x3f, 0x00, 0xc0,
0x72, 0x06, 0x00, 0xfc, 0xff, 0xff, 0x7f, 0x00, 0x00, 0x00, 0x00, 0x00, 0x98, 0xc2, 0x00, 0x80,
0xff, 0xff, 0xff, 0x0f, 0x00, 0x00, 0x00, 0x00, 0x00, 0x00, 0x00, 0x10, 0x00, 0x00, 0x48, 0x00,
0x84, 0x20, 0x21, 0x08, 0x82, 0x00, 0x00, 0x00, 0xff, 0x7f, 0x00, 0x20, 0x93, 0x01, 0x00, 0xfc,
0xff, 0xff, 0x3f, 0x00, 0x00, 0x00, 0x00, 0x00, 0xb0, 0x9d, 0x00, 0x80, 0xff, 0xff, 0xff, 0x0f,
0x00, 0x00, 0x00, 0x00, 0x00, 0x00, 0x00, 0x41, 0x92, 0x24, 0x01, 0x49, 0x10, 0x02, 0x84, 0x20,
0x08, 0x06, 0x00, 0x00, 0xff, 0x3f, 0x00, 0xc0, 0x4c, 0x03, 0x00, 0xfc, 0xff, 0xff, 0x7f, 0x00,
0x00, 0x00, 0x00, 0x00, 0x24, 0x31, 0x00, 0x80, 0xff, 0xff, 0xff, 0x0f, 0x00, 0x00, 0x00, 0x00,
0x00, 0x00, 0x00, 0x04, 0x00, 0x00, 0x24, 0x00, 0x41, 0x48, 0x10, 0x82, 0x20, 0x00, 0x00, 0x00,
0xff, 0x3f, 0x00, 0xc0, 0x6c, 0x06, 0x00, 0xfc, 0xff, 0xff, 0x7f, 0x00, 0x00, 0x00, 0x00, 0x00,
0x58, 0xe6, 0x00, 0x80, 0xff, 0xff, 0xff, 0x0f, 0x00, 0x00, 0x00, 0x00, 0x00, 0x00, 0x80, 0x90,
0x24, 0x49, 0x80, 0x24, 0x04, 0x01, 0x41, 0x08, 0x82, 0x00, 0x00, 0x00, 0xff, 0x7f, 0x00, 0x20,
0x93, 0x01, 0x00, 0xfc, 0xff, 0xff, 0x3f, 0x00, 0x00, 0x00, 0x00, 0x00, 0xd8, 0x26, 0x00, 0x80,
0xff, 0xff, 0xff, 0x0f, 0x00, 0x00, 0x00, 0x00, 0x00, 0x00, 0x00, 0x02, 0x00, 0x00, 0x09, 0x80,
0x10, 0x24, 0x04, 0x21, 0x08, 0x02, 0x00, 0x00, 0xff, 0x3f, 0x00, 0xc0, 0x54, 0x03, 0x00, 0xfc,
0xff, 0xff, 0x7f, 0x00, 0x00, 0x00, 0x00, 0x00, 0x90, 0xd8, 0x00, 0x80, 0xff, 0xff, 0xff, 0x0f,
0x00, 0x00, 0x00, 0x00, 0x00, 0x00, 0x00, 0x48, 0x92, 0x24, 0x20, 0x09, 0x42, 0x80, 0x10, 0x84,
0x20, 0x04, 0x00, 0x00, 0xff, 0x3f, 0x00, 0xc0, 0x4c, 0x06, 0x00, 0xfc, 0xff, 0xff, 0x7f, 0x00,
0x00, 0x00, 0x00, 0x00, 0x34, 0x4b, 0x00, 0x80, 0xff, 0xff, 0xff, 0x0f, 0x00, 0x00, 0x00, 0x00,
0x00, 0x00, 0x80, 0x00, 0x00, 0x80, 0x04, 0x20, 0x08, 0x09, 0x42, 0x10, 0x82, 0x00, 0x00, 0x00,
0xff, 0x7f, 0x00, 0x20, 0x6b, 0x01, 0x00, 0xfc, 0xff, 0xff, 0x3f, 0x00, 0x00, 0x00, 0x00, 0x00,
0xc8, 0x32, 0x01, 0x80, 0xff, 0xff, 0xff, 0x0f, 0x00, 0x00, 0x00, 0x00, 0x00, 0x00, 0x00, 0x92,
0x24, 0x09, 0x90, 0x84, 0x20, 0x20, 0x08, 0x41, 0x08, 0x02, 0x00, 0x00, 0xff, 0x3f, 0x00, 0xc0,
0x98, 0x05, 0x00, 0xfc, 0xff, 0xff, 0x7f, 0x00, 0x00, 0x00, 0x00, 0x00, 0x98, 0x6c, 0x00, 0x80,
0xff, 0xff, 0xff, 0x0f, 0x00, 0x00, 0x00, 0x00, 0x00, 0x00, 0x00, 0x00, 0x00, 0x20, 0x01, 0x10,
0x82, 0x84, 0x20, 0x04, 0x21, 0x08, 0x00, 0x00, 0xff, 0x3f, 0x00, 0xc0, 0x26, 0x03, 0x00, 0xfc,
0xff, 0xff, 0x7f, 0x00, 0x00, 0x00, 0x00, 0x00, 0x30, 0x63, 0x00, 0x80, 0xff, 0xff, 0xff, 0x0f,
0x00, 0x00, 0x00, 0x00, 0x00, 0x00, 0x80, 0x49, 0x92, 0x04, 0x24, 0x41, 0x08, 0x10, 0x82, 0x10,
0x84, 0x00, 0x00, 0x00, 0xff, 0x7f, 0x00, 0x20, 0x69, 0x02, 0x00, 0xfc, 0xff, 0xff, 0x3f, 0x00,
0x00, 0x00, 0x00, 0x00, 0x6c, 0x9b, 0x00, 0x80, 0xff, 0xff, 0xff, 0x0f, 0x00, 0x00, 0x00, 0x00,
0x00, 0x00, 0x00, 0x20, 0x04, 0x90, 0x00, 0x04, 0x21, 0x41, 0x08, 0x42, 0x10, 0x06, 0x00, 0x00,
0xff, 0x3f, 0x00, 0xc0, 0x99, 0x05, 0x00, 0xfc, 0xff, 0xff, 0x7f, 0x00, 0x00, 0x00, 0x00, 0x00,
0x48, 0x64, 0x00, 0x80, 0xff, 0xff, 0xff, 0x0f, 0x00, 0x00, 0x00, 0x00, 0x00, 0x00, 0x00, 0x82,
0x20, 0x01, 0x92, 0x10, 0x04, 0x04, 0x21, 0x08, 0x41, 0x00, 0x00, 0x00, 0xff, 0x3f, 0x00, 0x40,
0xa6, 0x05, 0x00, 0x18, 0x49, 0x92, 0x08, 0x00, 0x00, 0x00, 0x00, 0x00, 0x98, 0x35, 0x01, 0x00,
0x92, 0x24, 0x49, 0x02, 0x00, 0x00, 0x00, 0x00, 0x00, 0x00, 0x00, 0x00, 0x00, 0x24, 0x00, 0x42,
0x90, 0x10, 0x84, 0x20, 0x04, 0x01, 0x00, 0x00, 0xff, 0x7f, 0x00, 0x60, 0x66, 0x02, 0x00, 0x00,
0x00, 0x00, 0x00, 0x00, 0x00, 0x00, 0x00, 0x00, 0xb4, 0xd2, 0x00, 0x00, 0x00, 0x00, 0x00, 0x00,
0x00, 0x00, 0x00, 0x00, 0x00, 0xb7, 0x1d, 0x00, 0x40, 0x80, 0x24, 0x08, 0x01, 0x42, 0x10, 0x82,
0x10, 0x04, 0x00, 0x00, 0xff, 0x3f, 0x00, 0x80, 0x99, 0x03, 0x00, 0x00, 0x00, 0x00, 0x00, 0x00,
0x00, 0x00, 0x00, 0x00, 0xa4, 0x4a, 0x00, 0x00, 0x00, 0x00, 0x00, 0x00, 0x00, 0x00, 0x00, 0x00,
0x40, 0x6d, 0x1b, 0x00, 0x00, 0x09, 0x80, 0x20, 0x24, 0x08, 0x41, 0x08, 0x42, 0x00, 0x00, 0x00,
0xff, 0x3f, 0x00, 0xc0, 0x4c, 0x02, 0x00, 0x00, 0x00, 0x00, 0x00, 0x00, 0x00, 0x00, 0x40, 0x24,
0x98, 0x6c, 0x00, 0x00, 0x00, 0x00, 0x00, 0x00, 0x00, 0x00, 0x00, 0x90, 0x04, 0x49, 0x12, 0x00,
0x20, 0x20, 0x09, 0x82, 0x80, 0x20, 0x04, 0x21, 0x08, 0x09, 0x00, 0x00, 0xff, 0x7f, 0x00, 0x60,
0x66, 0x03, 0x00, 0x00, 0x00, 0x00, 0x00, 0x00, 0x00, 0x00, 0x00, 0x00, 0x5a, 0xb3, 0x00, 0x00,
0x00, 0x00, 0x00, 0x00, 0x00, 0x00, 0x00, 0x00, 0x80, 0xd3, 0x0c, 0x00, 0x80, 0x04, 0x20, 0x08,
0x12, 0x82, 0x10, 0x84, 0x20, 0x00, 0x00, 0x00, 0xff, 0x3f, 0x00, 0x80, 0x99, 0x04, 0x00, 0x00,
0x00, 0x00, 0x00, 0x00, 0x00, 0x00, 0x00, 0x02, 0x48, 0xc9, 0x00, 0x00, 0x00, 0x00, 0x00, 0x00,
0x00, 0x00, 0x00, 0x08, 0x00, 0x96, 0x0d, 0x00, 0x00, 0x90, 0x84, 0x20, 0x40, 0x08, 0x42, 0x10,
0x82, 0x04, 0x00, 0x00, 0xff, 0x3f, 0x00, 0xc0, 0x94, 0x05, 0x00, 0x00, 0x00, 0x00, 0x00, 0x00,
0x00, 0x00, 0x40, 0x20, 0xb4, 0x6c, 0x00, 0x00, 0x00, 0x00, 0x00, 0x00, 0x00, 0x00, 0x00, 0x80,
0x44, 0x66, 0x32, 0x00, 0x40, 0x02, 0x10, 0x82, 0x04, 0x21, 0x08, 0x41, 0x08, 0x00, 0x00, 0x00,
0xff, 0x7f, 0x00, 0x60, 0x66, 0x03, 0x00, 0x00, 0x00, 0x00, 0x00, 0x00, 0x00, 0x00, 0x00, 0x00,
0x94, 0x93, 0x00, 0x00, 0x00, 0x00, 0x00, 0x00, 0x00, 0x00, 0x00, 0x00, 0x80, 0x99, 0x1a, 0x00,
0x00, 0x48, 0x42, 0x08, 0x10, 0x84, 0x20, 0x04, 0x21, 0x09, 0x00, 0x00, 0xff, 0x3f, 0x00, 0x80,
0x19, 0x03, 0x00, 0x00, 0x00, 0x00, 0x00, 0x00, 0x00, 0x00, 0x00, 0x12, 0x4c, 0xb6, 0x00, 0x00,
0x00, 0x00, 0x00, 0x00, 0x00, 0x00, 0x00, 0x48, 0x08, 0xb3, 0x0c, 0x00, 0x20, 0x01, 0x08, 0x21,
0x41, 0x10, 0x82, 0x10, 0x04, 0x04, 0x00, 0x00, 0xff, 0x3f, 0x00, 0xc0, 0xb4, 0x04, 0x00, 0x00,
0x00, 0x00, 0x00, 0x00, 0x00, 0x00, 0x40, 0x00, 0x69, 0x64, 0x00, 0x00, 0x00, 0x00, 0x00, 0x00,
0x00, 0x00, 0x00, 0x00, 0x40, 0xa6, 0x25, 0x00, 0x00, 0x24, 0x21, 0x04, 0x04, 0x41, 0x08, 0x42,
0x90, 0x00, 0x00, 0x00, 0xff, 0x7f, 0x00, 0x60, 0xa6, 0x01, 0x00, 0x00, 0x00, 0x00, 0x00, 0x00,
0x00, 0x00, 0x00, 0x40, 0x98, 0x4d, 0x00, 0x00, 0x00, 0x00, 0x00, 0x00, 0x00, 0x00, 0x00, 0x00,
0x82, 0x4c, 0x16, 0x00, 0x40, 0x00, 0x84, 0x90, 0x10, 0x04, 0x21, 0x08, 0x01, 0x02, 0x00, 0x00,
0xff, 0x3f, 0x00, 0x80, 0x29, 0x03, 0x00, 0x00, 0x00, 0x00, 0x00, 0x00, 0x00, 0x00, 0x00, 0x02,
0xd2, 0xb2, 0x00, 0x00, 0x00, 0x00, 0x00, 0x00, 0x00, 0x00, 0x00, 0x88, 0x80, 0x59, 0x19, 0x00,
0x00, 0x49, 0x10, 0x02, 0x42, 0x10, 0x84, 0x20, 0x24, 0x08, 0x00, 0x00, 0xff, 0x3f, 0x00, 0xc0,
0xcc, 0x06, 0x00, 0x00, 0x00, 0x00, 0x00, 0x00, 0x00, 0x00, 0x40, 0x20, 0x4c, 0xaa, 0x00, 0x00,
0x00, 0x00, 0x00, 0x00, 0x00, 0x00, 0x00, 0x00, 0x00, 0x53, 0x0d, 0x00, 0x00, 0x00, 0x41, 0x48,
0x08, 0x41, 0x10, 0x82, 0x80, 0x04, 0x00, 0x00, 0xff, 0x7f, 0x00, 0x60, 0x56, 0x02, 0x00, 0x00,
0x00, 0x00, 0x00, 0x00, 0x00, 0x00, 0x00, 0x08, 0x38, 0x6b, 0x00, 0x00, 0x00, 0x00, 0x00, 0x00,
0x00, 0x00, 0x00, 0x40, 0x48, 0x66, 0x26, 0x00, 0x40, 0x12, 0x04, 0x01, 0x21, 0x04, 0x41, 0x08,
0x12, 0x04, 0x00, 0x00, 0xff, 0x3f, 0x00, 0x80, 0x31, 0x03, 0x00, 0x00, 0x00, 0x00, 0x00, 0x00,
0x00, 0x00, 0x00, 0x02, 0x92, 0x49, 0x00, 0x00, 0x00, 0x00, 0x00, 0x00, 0x00, 0x00, 0x00, 0x08,
0x80, 0x8c, 0x19, 0x00, 0x00, 0x40, 0x10, 0x24, 0x84, 0x10, 0x04, 0x21, 0x00, 0x01, 0x00, 0x00,
0xff, 0x3f, 0x00, 0xc0, 0xcc, 0x04, 0x00, 0x00, 0x00, 0x00, 0x00, 0x00, 0x00, 0x00, 0x40, 0x00,
0xd4, 0xb4, 0x00, 0x00, 0x00, 0x00, 0x00, 0x00, 0x00, 0x00, 0x00, 0x00, 0x82, 0x39, 0x19, 0x00,
0x80, 0x04, 0x41, 0x80, 0x10, 0x42, 0x10, 0x04, 0x00, 0xf0, 0xff, 0x07, 0xff, 0x7f, 0x00, 0x60,
0x26, 0x03, 0x00, 0x00, 0x00, 0x00, 0x00, 0x00, 0x00, 0x00, 0x00, 0x20, 0x2c, 0xa7, 0x00, 0x00,
0x00, 0x00, 0x00, 0x00, 0x00, 0x00, 0x00, 0x40, 0x00, 0x63, 0x06, 0x00, 0x40, 0x10, 0x04, 0x09,
0x42, 0x08, 0x41, 0x10, 0x00, 0xe0, 0xff, 0x07, 0xff, 0x3f, 0x00, 0x80, 0x39, 0x03, 0x00, 0x00,
0x00, 0x00, 0x00, 0x00, 0x00, 0x84, 0x08, 0x02, 0x28, 0x69, 0x00, 0x00, 0x00, 0x00, 0x00, 0x00,
0x00, 0x80, 0x10, 0x02, 0x44, 0xa6, 0x0d, 0x00, 0x00, 0x41, 0x10, 0x20, 0x08, 0x21, 0x04, 0x01,
0x00, 0xf0, 0xff, 0x07, 0xff, 0x3f, 0x00, 0xc0, 0xcc, 0x04, 0x00, 0x00, 0x00, 0x00, 0x00, 0x00,
0x00, 0x01, 0x80, 0x40, 0x72, 0x4a, 0x00, 0x00, 0x00, 0x00, 0x00, 0x00, 0x00, 0x20, 0x80, 0x10,
0x80, 0x9c, 0x18, 0x00, 0x00, 0x04, 0x41, 0x82, 0x20, 0x84, 0x10, 0x04, 0x00, 0xe0, 0xff, 0x07,
0xff, 0x7f, 0x00, 0x60, 0x26, 0x03, 0x00, 0x00, 0x00, 0x00, 0x00, 0x00, 0x00, 0x20, 0x04, 0x10,
0xcc, 0xda, 0x00, 0x00, 0x00, 0x00, 0x00, 0x00, 0x00, 0x00, 0x04, 0x00, 0x81, 0xd1, 0x26, 0x00,
0x40, 0x10, 0x04, 0x08, 0x82, 0x10, 0x42, 0x10, 0x00, 0xe0, 0xff, 0x07, 0xff, 0x3f, 0x00, 0x80,
0xd9, 0x02, 0x00, 0x00, 0x00, 0x00, 0x00, 0x00, 0x00, 0x00, 0x20, 0x04, 0x98, 0x26, 0x00, 0x00,
0x00, 0x00, 0x00, 0x00, 0x00, 0x00, 0x40, 0x08, 0x10, 0x67, 0x26, 0x00, 0x00, 0x41, 0x90, 0x20,
0x08, 0x42, 0x08, 0x01, 0x00, 0xf0, 0xff, 0x07, 0xff, 0x3f, 0x00, 0xc0, 0x44, 0x06, 0x00, 0x00,
0x00, 0x00, 0x00, 0x00, 0x00, 0x09, 0x01, 0x00, 0x32, 0x69, 0x00, 0x00, 0x00, 0x00, 0x00, 0x00,
0x00, 0x20, 0x01, 0x40, 0x00, 0x9a, 0x19, 0x00, 0x80, 0x04, 0x01, 0x82, 0x20, 0x08, 0x21, 0x04,
0x00, 0xe0, 0xff, 0x07, 0xff, 0x7f, 0x00, 0x60, 0x36, 0x01, 0x00, 0x00, 0x00, 0x00, 0x00, 0x00,
0x00, 0x00, 0x10, 0x41, 0xcc, 0xd9, 0x00, 0x00, 0x00, 0x00, 0x00, 0x00, 0x00, 0x00, 0x10, 0x02,
0x84, 0x49, 0x1a, 0x00, 0x00, 0x10, 0x24, 0x08, 0x82, 0x20, 0x84, 0x10, 0x00, 0xe0, 0xff, 0x07,
0xff, 0x3f, 0x00, 0x80, 0x99, 0x03, 0x00, 0x00, 0x00, 0x00, 0x00, 0x00, 0x80, 0x40, 0x00, 0x10,
0x18, 0x46, 0x00, 0x00, 0x00, 0x00, 0x00, 0x00, 0x00, 0x00, 0x00, 0x20, 0x00, 0x67, 0x06, 0x00,
0x20, 0x41, 0x80, 0x20, 0x08, 0x82, 0x10, 0x02, 0x00, 0xf0, 0xff, 0x07, 0xff, 0x3f, 0x00, 0xc0,
0x64, 0x06, 0x00, 0x00, 0x00, 0x00, 0x00, 0x00, 0x00, 0x08, 0x84, 0x00, 0x72, 0x33, 0x01, 0x00,
0x00, 0x00, 0x00, 0x00, 0x00, 0x20, 0x82, 0x00, 0x21, 0xb2, 0x19, 0x00, 0x00, 0x04, 0x09, 0x82,
0x20, 0x08, 0x42, 0x08, 0x00, 0xf0, 0xff, 0x07, 0xff, 0x7f, 0x00, 0x60, 0x66, 0x01, 0x00, 0x00,
0x00, 0x00, 0x00, 0x00, 0x00, 0x00, 0x00, 0x08, 0x4c, 0xda, 0x00, 0x00, 0x00, 0x00, 0x00, 0x00,
0x00, 0x80, 0x20, 0x08, 0x88, 0x96, 0x0c, 0x00, 0x40, 0x10, 0x20, 0x08, 0x82, 0x20, 0x08, 0x01,
0x00, 0xe0, 0xff, 0x07, 0xff, 0x3f, 0x00, 0x80, 0x99, 0x05, 0x00, 0x00, 0x00, 0x00, 0x00, 0x00,
0x00, 0x41, 0x42, 0x00, 0x98, 0x49, 0x00, 0x00, 0x00, 0x00, 0x00, 0x00, 0x00, 0x00, 0x00, 0x00,
0x80, 0x54, 0x13, 0x00, 0x00, 0x41, 0x82, 0x20, 0x08, 0x82, 0x20, 0x24, 0x00, 0xe0, 0xff, 0x07,
0xff, 0x3f, 0x00, 0xc0, 0x4c, 0x06, 0x00, 0x00, 0x00, 0x00, 0x00, 0x00, 0x00, 0x10, 0x00, 0x00,
0xb2, 0x6c, 0x00, 0x00, 0x00, 0x00, 0x00, 0x00, 0x00, 0x20, 0x08, 0x00, 0x00, 0x53, 0x16, 0x00,
0x40, 0x24, 0x24, 0x86, 0x61, 0x18, 0x82, 0x10, 0x00, 0xf0, 0xff, 0x07, 0xff, 0x7f, 0x00, 0x60,
0x66, 0x03, 0x00, 0x00, 0x00, 0x00, 0x00, 0x00, 0x80, 0x00, 0x08, 0x49, 0xcc, 0xa6, 0x00, 0x00,
0x00, 0x00, 0x00, 0x00, 0x00, 0x00, 0x82, 0x24, 0x49, 0xe6, 0x0c, 0x00, 0x00, 0x80, 0x00, 0x10,
0x04, 0x01, 0x08, 0x02, 0x00, 0xf0, 0xff, 0x07, 0x00, 0x08, 0x00, 0x20, 0x33, 0x09, 0x00, 0x00,
0x00, 0x00, 0x00, 0x00, 0x00, 0x08, 0x31, 0x49, 0x49, 0xb2, 0x00, 0x00, 0x00, 0x00, 0x00, 0x00,
0x00, 0x00, 0x00, 0x92, 0xa4, 0x99, 0x29, 0x00, 0x00, 0x00, 0x00, 0x00, 0x00, 0x00, 0x00, 0xc0,
0xdb, 0xf6, 0xff, 0x07, 0x00, 0x80, 0xff, 0xcd, 0xcc, 0xec, 0xf7, 0x01, 0x00, 0x00, 0x00, 0x00,
0x00, 0x00, 0xd0, 0x36, 0x33, 0x4b, 0xff, 0x3e, 0x00, 0x00, 0x00, 0x00, 0x00, 0x90, 0x10, 0xce,
0x36, 0x19, 0xb3, 0xbf, 0x07, 0x00, 0x00, 0x00, 0x00, 0x00, 0x00, 0xc0, 0xff, 0xff, 0xff, 0x07,
0x00, 0x80, 0x91, 0x9d, 0x99, 0x36, 0x4d, 0x01, 0x00, 0x00, 0x00, 0x00, 0x20, 0x42, 0xc8, 0xe6,
0xb6, 0x59, 0xc9, 0x32, 0x00, 0x00, 0x00, 0x00, 0x00, 0x04, 0x00, 0x39, 0x4b, 0x67, 0xd6, 0x64,
0x06, 0x00, 0x00, 0x00, 0x00, 0x00, 0x00, 0xc0, 0xff, 0xff, 0xff, 0x07, 0x00, 0x00, 0x33, 0x32,
0xb3, 0x90, 0x59, 0x01, 0x00, 0x00, 0x00, 0x92, 0x04, 0x00, 0x28, 0x99, 0xc4, 0x94, 0x4d, 0x4b,
0x00, 0x00, 0x00, 0x80, 0x24, 0x01, 0x04, 0x66, 0xd9, 0xe4, 0x64, 0x56, 0x09, 0x00, 0x00, 0x00,
0x00, 0x00, 0x00, 0xc0, 0xff, 0xff, 0xff, 0x07, 0x00, 0x80, 0xcc, 0x62, 0x26, 0x67, 0x92, 0x00,
0x00, 0x00, 0x00, 0x00, 0x00, 0x11, 0x30, 0x49, 0x2d, 0x67, 0x32, 0x19, 0x00, 0x00, 0x00, 0x00,
0x00, 0x40, 0x80, 0x44, 0x26, 0x99, 0x99, 0x99, 0x0d, 0x00, 0x00, 0x00, 0x00, 0x00, 0x00, 0xc0,
0xff, 0xff, 0xff, 0x07, 0x00, 0x80, 0x65, 0xce, 0xcc, 0x4c, 0xe6, 0x02, 0x00, 0x00, 0x00, 0x00,
0x20, 0x80, 0xe4, 0x66, 0x29, 0x69, 0xb2, 0x34, 0x00, 0x00, 0x00, 0x40, 0x00, 0x10, 0x08, 0x9c,
0x29, 0x4b, 0x26, 0x29, 0x06, 0x00, 0x00, 0x00, 0x00, 0x00, 0x00, 0xc0, 0xff, 0xff, 0xff, 0x07,
0x00, 0x00, 0x33, 0x99, 0xd9, 0xd8, 0x99, 0x00, 0x00, 0x00, 0x00, 0x22, 0x02, 0x08, 0x90, 0x9c,
0xda, 0x8c, 0xcd, 0x26, 0x00, 0x00, 0x00, 0x00, 0x44, 0x04, 0x02, 0xb3, 0xec, 0x6c, 0x66, 0x66,
0x03, 0x00, 0x00, 0x00, 0x00, 0x00, 0x00, 0xc0, 0xff, 0xff, 0xff, 0x07, 0x00, 0x80, 0x9a, 0x65,
0x12, 0x33, 0xcd, 0x00, 0x00, 0x00, 0x00, 0x00, 0x00, 0x01, 0x30, 0x93, 0x92, 0xd9, 0x24, 0x19,
0x00, 0x00, 0x00, 0x00, 0x10, 0x00, 0x00, 0xca, 0x46, 0xa6, 0xd9, 0x52, 0x06, 0x00, 0x00, 0x00,
0x00, 0x00, 0x00, 0xc0, 0xff, 0xff, 0xff, 0x07, 0x00, 0x80, 0x62, 0x96, 0x73, 0x27, 0x65, 0x03,
0x00, 0x00, 0x00, 0x10, 0x11, 0x40, 0x68, 0x72, 0x65, 0x26, 0x9b, 0x59, 0x00, 0x00, 0x00, 0x80,
0x00, 0x42, 0x10, 0x2a, 0x59, 0x33, 0x99, 0xce, 0x04, 0x00, 0x00, 0x00, 0x00, 0x00, 0x00, 0xc0,
0xff, 0xff, 0xff, 0x07, 0x00, 0x80, 0xcd, 0x58, 0x4c, 0xcc, 0x32, 0x01, 0x00, 0x00, 0x00, 0x02,
0x00, 0x08, 0xc8, 0x26, 0x2d, 0x33, 0x69, 0x26, 0x00, 0x00, 0x00, 0x00, 0x80, 0x00, 0x04, 0x66,
0x99, 0x59, 0xa3, 0x98, 0x0d, 0x00, 0x00, 0x00, 0x00, 0x00, 0x00, 0xc0, 0xff, 0xff, 0xff, 0x07,
0x00, 0x00, 0x99, 0x63, 0xcb, 0xd8, 0x9a, 0x01, 0x00, 0x00, 0x00, 0x80, 0x88, 0x80, 0x30, 0x99,
0xa9, 0xd9, 0xcc, 0x34, 0x00, 0x00, 0x00, 0x40, 0x12, 0x10, 0x81, 0x9c, 0x33, 0xc6, 0xac, 0x19,
0x03, 0x00, 0x00, 0x00, 0x00, 0x00, 0x00, 0xc0, 0xff, 0xff, 0xff, 0x07, 0x00, 0x80, 0x33, 0x8e,
0xb2, 0x13, 0xcd, 0x00, 0x00, 0x00, 0x00, 0x10, 0x00, 0x00, 0x50, 0xcd, 0xca, 0x4c, 0x93, 0x19,
0x00, 0x00, 0x00, 0x00, 0x00, 0x00, 0x00, 0x92, 0xcc, 0x2c, 0x1b, 0x67, 0x06, 0x00, 0x00, 0x00,
0x00, 0x00, 0x00, 0xc0, 0xff, 0xff, 0xff, 0x07, 0x00, 0x00, 0x66, 0xb2, 0x2c, 0x36, 0x65, 0x02,
0x00, 0x00, 0x00, 0x00, 0x00, 0x20, 0xc8, 0x64, 0x5a, 0x26, 0x35, 0x6b, 0x00, 0x00, 0x00, 0x00,
0x00, 0x00, 0x00, 0x66, 0x66, 0x33, 0xd1, 0x64, 0x06, 0x00, 0x00, 0x00, 0x00, 0x00, 0x00, 0xc0,
0xff, 0xff, 0xff, 0x07, 0x00, 0x80, 0xc9, 0x59, 0x63, 0xc9, 0x92, 0x01, 0x00, 0x00, 0x00, 0x04,
0x82, 0x04, 0xa8, 0x36, 0x93, 0xd9, 0xcc, 0x24, 0x00, 0x00, 0x00, 0x00, 0x40, 0x42, 0x08, 0xac,
0x19, 0xd9, 0x6c, 0x9a, 0x09, 0x00, 0x00, 0x00, 0x00, 0x00, 0x00, 0xc0, 0xff, 0xff, 0xff, 0x07,
0x00, 0x80, 0x19, 0x4d, 0x96, 0xd9, 0xda, 0x00, 0x00, 0x00, 0x00, 0x51, 0x18, 0x90, 0xa4, 0xa4,
0x34, 0x53, 0x6a, 0x36, 0x00, 0x00, 0x00, 0x60, 0x26, 0x18, 0xa1, 0x29, 0xd9, 0x46, 0x8b, 0x93,
0x09, 0x00, 0x00, 0x00, 0x00, 0x00, 0x00, 0xe0, 0xff, 0xff, 0xff, 0x07, 0x00, 0x00, 0x73, 0xa6,
0x99, 0x26, 0x4d, 0x26, 0x49, 0x92, 0x64, 0xdb, 0x65, 0xdb, 0x36, 0xcb, 0x66, 0xa6, 0x93, 0xc9,
0x24, 0x49, 0x92, 0xcc, 0xac, 0x65, 0x37, 0xcb, 0xa6, 0x34, 0xd9, 0x74, 0x06, 0x81, 0x00, 0x00,
0xfe, 0xff, 0xff, 0xff, 0xff, 0xff, 0xff, 0x07, 0x00, 0x80, 0xc6, 0x32, 0x69, 0x2a, 0x31, 0xfb,
0xff, 0xff, 0xdf, 0x8c, 0xb6, 0x4d, 0xd3, 0x58, 0xca, 0xac, 0x34, 0xcd, 0xfe, 0xff, 0xff, 0x36,
0xb3, 0xcd, 0xcc, 0xb4, 0xa4, 0xa5, 0x65, 0x46, 0x76, 0x9e, 0x01, 0x00, 0xfe, 0xff, 0xff, 0xff,
0xff, 0xff, 0xff, 0x07, 0x00, 0x80, 0x2c, 0x59, 0x67, 0xd9, 0x66, 0x49, 0x92, 0x24, 0x99, 0x66,
0xca, 0x64, 0x4c, 0x97, 0x99, 0x49, 0x66, 0x31, 0x93, 0x24, 0x49, 0xd3, 0x1a, 0x33, 0xb3, 0x94,
0x1d, 0x2d, 0x8d, 0x99, 0xc9, 0x30, 0x03, 0x00, 0xfe, 0xff, 0xff, 0xff, 0xff, 0xff, 0xff, 0x07,
0x00, 0x80, 0xa9, 0xcd, 0x94, 0x95, 0x9a, 0x95, 0x24, 0x49, 0xa2, 0x58, 0x49, 0x9a, 0x69, 0x64,
0x36, 0x73, 0x99, 0x36, 0x49, 0x92, 0x24, 0x99, 0x64, 0x32, 0x99, 0x53, 0xd2, 0xd8, 0x34, 0x6d,
0x0a, 0x41, 0x00, 0x00, 0xfe, 0xff, 0xff, 0xff, 0xff, 0xff, 0xff, 0x07, 0x00, 0x00, 0x33, 0x26,
0x99, 0x66, 0x92, 0xb4, 0x6d, 0xdb, 0x66, 0x93, 0x35, 0x93, 0x99, 0x99, 0x61, 0x96, 0xa5, 0xd2,
0x6c, 0xdb, 0xb6, 0x2c, 0xa5, 0xcc, 0x4c, 0x36, 0xb3, 0x46, 0x66, 0x62, 0x36, 0x4d, 0x01, 0x00,
0xfe, 0xff, 0xff, 0xff, 0xff, 0xff, 0xff, 0x07, 0x00, 0x80, 0xc6, 0x32, 0x6b, 0xca, 0x75, 0x26,
0x49, 0x92, 0x1c, 0xb3, 0xb4, 0x35, 0x27, 0x2b, 0xcd, 0x94, 0x6c, 0x46, 0x93, 0x24, 0xc9, 0x66,
0x9b, 0xa5, 0x66, 0xcc, 0x8c, 0x39, 0xcb, 0x9a, 0x45, 0x92, 0x01, 0x00, 0xfe, 0xff, 0xff, 0xff,
0xff, 0xff, 0xff, 0x07, 0x00, 0x80, 0x6c, 0xda, 0x62, 0x19, 0x4d, 0xcb, 0x9a, 0x35, 0xd3, 0x4c,
0x4b, 0xcc, 0x64, 0x66, 0x9d, 0x69, 0x93, 0x39, 0xb5, 0x66, 0x4d, 0x52, 0x4a, 0xad, 0xb2, 0xc9,
0x6c, 0xa6, 0x99, 0xa5, 0x99, 0x88, 0x00, 0x00, 0xfe, 0xff, 0xff, 0xff, 0xff, 0xff, 0xff, 0x07,
0x00, 0x80, 0x49, 0xc3, 0x9c, 0x75, 0x92, 0x59, 0x66, 0xcc, 0x64, 0x66, 0xca, 0x69, 0xda, 0x54,
0x32, 0x2b, 0x35, 0xcb, 0xcc, 0x98, 0xb1, 0x99, 0x39, 0x99, 0x8c, 0x33, 0x93, 0xd2, 0x34, 0x35,
0x92, 0x32, 0x03, 0x00, 0xfe, 0xff, 0xff, 0xff, 0xff, 0xff, 0xff, 0x07, 0x00, 0x00, 0x33, 0x1d,
0x93, 0xc4, 0x36, 0x66, 0x99, 0x33, 0x9b, 0x99, 0x36, 0x93, 0x99, 0x99, 0x63, 0xb2, 0xcc, 0x94,
0x12, 0x9b, 0x36, 0xab, 0x64, 0x66, 0x33, 0x96, 0xd9, 0x1c, 0x63, 0xca, 0x26, 0x46, 0x00, 0x00,
0xfe, 0xff, 0xff, 0xff, 0xff, 0xff, 0xff, 0x07, 0x00, 0x80, 0x96, 0x71, 0x66, 0x4e, 0xc9, 0x24,
0x33, 0xc9, 0x98, 0xcc, 0x64, 0x96, 0x25, 0xab, 0xcc, 0xcc, 0x52, 0xb6, 0x76, 0x63, 0x46, 0xaa,
0xc6, 0x32, 0xd9, 0x34, 0x25, 0x63, 0xce, 0x2a, 0xcd, 0xc8, 0x04, 0x00, 0xfe, 0xff, 0xff, 0xff,
0xff, 0xff, 0xff, 0x07, 0x00, 0x80, 0xd4, 0xc6, 0x2c, 0x33, 0x6d, 0x9d, 0x66, 0x2d, 0x67, 0x33,
0x99, 0x6c, 0x66, 0x62, 0x96, 0x4d, 0x33, 0x63, 0x92, 0x6c, 0xd9, 0x64, 0x9a, 0x9a, 0x4d, 0x65,
0xb6, 0x9a, 0x99, 0xb4, 0x19, 0x29, 0x03, 0x00, 0xfe, 0xff, 0xff, 0xff, 0xff, 0xff, 0xff, 0x07,
0x00, 0x80, 0x59, 0x9a, 0xe9, 0xb4, 0x12, 0xd3, 0x4c, 0x66, 0x52, 0x66, 0xcb, 0x49, 0xda, 0x9c,
0x31, 0x31, 0xcd, 0x4c, 0xcb, 0x8c, 0x99, 0x9d, 0x39, 0x63, 0x32, 0xcd, 0x92, 0x32, 0xb1, 0x95,
0x22, 0x25, 0x01, 0x00, 0xfe, 0xff, 0xff, 0xff, 0xff, 0xff, 0xff, 0x07, 0x00, 0x00, 0x4b, 0x99,
0x92, 0xcc, 0x72, 0x32, 0x99, 0x99, 0x99, 0x99, 0x6a, 0xb2, 0x89, 0xa5, 0x4c, 0xa6, 0x24, 0x99,
0x39, 0x33, 0x26, 0x93, 0x65, 0xcc, 0x92, 0x99, 0xcc, 0xcc, 0x26, 0x33, 0xcb, 0x44, 0x00, 0x00,
0xfe, 0xff, 0xff, 0xff, 0xff, 0xff, 0xff, 0x07, 0x00, 0x00, 0x33, 0x67, 0x96, 0x13, 0xcd, 0xcc,
0x66, 0xa9, 0xad, 0xcc, 0x34, 0xa7, 0x2c, 0x65, 0xf6, 0x6e, 0xbb, 0xb3, 0xa4, 0xc9, 0x66, 0x72,
0xc6, 0x2d, 0x6d, 0x32, 0x33, 0xd3, 0x6c, 0xca, 0x0c, 0x92, 0x03, 0x00, 0xfe, 0xff, 0xff, 0xff,
0xff, 0xff, 0xff, 0x07, 0x00, 0x80, 0xa4, 0xc8, 0x39, 0xd9, 0x8c, 0x4d, 0x32, 0x67, 0x62, 0x66,
0xc5, 0xcc, 0x66, 0x59, 0x93, 0x59, 0xcb, 0xb6, 0x26, 0x6d, 0xda, 0x4c, 0x1a, 0x31, 0xcd, 0x66,
0x33, 0x33, 0x49, 0x4a, 0xb2, 0x2c, 0x00, 0x00, 0xfe, 0xff, 0xff, 0xff, 0xff, 0xff, 0xff, 0x07,
0x00, 0x80, 0x84, 0x18, 0xc9, 0xcc, 0x32, 0x33, 0xcb, 0x94, 0x9a, 0x19, 0x9b, 0x18, 0x53, 0x96,
0x7c, 0xf7, 0x7e, 0x6f, 0x5a, 0x25, 0x93, 0xa5, 0x69, 0xdb, 0x92, 0x4c, 0xcc, 0x4c, 0x9b, 0x30,
0x21, 0xa1, 0x01, 0x00, 0xfe, 0xff, 0xff, 0xff, 0xff, 0xff, 0xff, 0x07, 0x00, 0x00, 0x19, 0x63,
0x67, 0x26, 0x73, 0xb2, 0x99, 0xac, 0xa6, 0xc9, 0x98, 0x73, 0x9c, 0x65, 0x6e, 0xb7, 0xb5, 0xd9,
0xcc, 0xcc, 0x34, 0xad, 0x4c, 0x4a, 0x3a, 0xb3, 0x65, 0x66, 0x32, 0x85, 0x4c, 0x19, 0x01, 0x00,
0xfe, 0xff, 0xff, 0xff, 0xff, 0xff, 0xff, 0x07, 0x00, 0x00, 0x63, 0x64, 0x34, 0x33, 0xcd, 0x4c,
0x66, 0x63, 0x2c, 0x36, 0x67, 0xc6, 0x61, 0x59, 0xdb, 0x6c, 0xb7, 0xb7, 0x31, 0xb3, 0x4c, 0x29,
0xd3, 0x32, 0x63, 0x99, 0x96, 0x99, 0x26, 0xa5, 0x12, 0x45, 0x02, 0x00, 0xfe, 0xff, 0xff, 0xff,
0xff, 0xff, 0xff, 0x07, 0x00, 0x80, 0x24, 0x99, 0x99, 0xd9, 0x24, 0xd3, 0x4c, 0x59, 0xb3, 0x65,
0x32, 0x19, 0x4f, 0x46, 0xd9, 0xdb, 0x6e, 0x36, 0x9b, 0x99, 0xd3, 0xb2, 0x99, 0xe6, 0x4c, 0xcd,
0x98, 0x99, 0x49, 0x34, 0x52, 0xa4, 0x02, 0x00, 0xfe, 0xff, 0xff, 0xff, 0xff, 0xff, 0xff, 0x07,
0x00, 0x00, 0x89, 0xa1, 0x66, 0xc6, 0x9a, 0x99, 0x99, 0x96, 0x49, 0x99, 0x99, 0x6d, 0x98, 0x39,
0x37, 0xdb, 0xda, 0x6d, 0x66, 0x66, 0x32, 0x96, 0xac, 0x8c, 0x56, 0x66, 0x63, 0x66, 0x4e, 0x41,
0xc4, 0x98, 0x00, 0x00, 0xfe, 0xff, 0xff, 0xff, 0xff, 0xff, 0xff, 0x07, 0x00, 0x00, 0x33, 0x66,
0x92, 0x2c, 0x33, 0x2d, 0xb3, 0x32, 0x4d, 0xa6, 0xcd, 0xa4, 0xb3, 0xc9, 0xec, 0xb6, 0xdb, 0xed,
0x64, 0x92, 0xcc, 0x65, 0xa6, 0x99, 0xd4, 0x32, 0x6d, 0x66, 0x32, 0x4d, 0x35, 0x43, 0x01, 0x00,
0xfe, 0xff, 0xff, 0xff, 0xff, 0xff, 0xff, 0x07, 0x00, 0x80, 0x44, 0x98, 0xd9, 0x69, 0xcc, 0x64,
0x26, 0xcd, 0xb4, 0x69, 0x32, 0x33, 0x26, 0x56, 0xee, 0xb6, 0x6d, 0x9b, 0x99, 0x9d, 0x4d, 0xac,
0x59, 0x66, 0x99, 0xcc, 0x94, 0x99, 0x99, 0x90, 0x01, 0x14, 0x01, 0x00, 0xfe, 0xff, 0xff, 0xff,
0xff, 0xff, 0xff, 0x07, 0x00, 0x00, 0x64, 0xa3, 0x4c, 0xa6, 0x69, 0xd6, 0xcc, 0xc9, 0x32, 0x9b,
0x32, 0xdb, 0xcc, 0x56, 0x9b, 0x6d, 0xb7, 0x7b, 0x96, 0x61, 0xb1, 0x29, 0x53, 0x33, 0xa3, 0x99,
0x52, 0x92, 0x25, 0x26, 0xda, 0x94, 0x02, 0x00, 0xfe, 0xff, 0xff, 0xff, 0xff, 0xff, 0xff, 0x07,
0x00, 0x80, 0x09, 0x64, 0xa6, 0x34, 0x4b, 0x93, 0x59, 0x3a, 0x4b, 0x92, 0xc6, 0xc4, 0xb4, 0x28,
0x79, 0xdb, 0xb6, 0x66, 0x65, 0x6e, 0x36, 0xcb, 0x94, 0x99, 0x2e, 0x33, 0xdb, 0x36, 0x66, 0x29,
0x42, 0x62, 0x02, 0x00, 0xfe, 0xff, 0xff, 0xff, 0xff, 0xff, 0xff, 0x07, 0x00, 0x00, 0x93, 0x99,
0xb9, 0x45, 0x9a, 0x99, 0x92, 0x26, 0xd9, 0x6c, 0xd9, 0x1c, 0x93, 0xab, 0x6d, 0xdb, 0xda, 0xde,
0x6c, 0x92, 0x46, 0x5a, 0xb6, 0xcc, 0x68, 0x66, 0x89, 0xe4, 0x18, 0xc9, 0x24, 0x09, 0x01, 0x00,
0xfe, 0xff, 0xff, 0xff, 0xff, 0xff, 0xff, 0x07, 0x00, 0x00, 0x34, 0xc9, 0x12, 0xdb, 0xb2, 0x6c,
0xe6, 0x64, 0x26, 0x63, 0x0d, 0xb3, 0x59, 0x52, 0xb6, 0x6d, 0xdb, 0xd9, 0x92, 0x99, 0xd9, 0x64,
0x63, 0x66, 0x93, 0x49, 0x66, 0x4b, 0x9b, 0x44, 0x2c, 0xcd, 0x00, 0x00, 0xfe, 0xff, 0xff, 0xff,
0xff, 0xff, 0xff, 0x07, 0x00, 0x80, 0x65, 0x66, 0xd6, 0x98, 0x26, 0x23, 0x2d, 0xcd, 0x6a, 0x96,
0x64, 0x22, 0x66, 0x56, 0xb6, 0xf7, 0xbd, 0x3f, 0x93, 0x6c, 0x92, 0x25, 0x99, 0x19, 0x9d, 0x9c,
0x59, 0x1a, 0x63, 0x32, 0x63, 0x32, 0x03, 0x00, 0xfe, 0xff, 0xff, 0xff, 0xff, 0xff, 0xff, 0x07,
0x00, 0x00, 0x89, 0x90, 0x69, 0xa6, 0xcc, 0xec, 0x24, 0x33, 0xcb, 0x9c, 0xb3, 0x6d, 0x92, 0xc9,
0xdc, 0x96, 0x65, 0x66, 0x6c, 0x23, 0x33, 0x99, 0x4d, 0x69, 0x61, 0xb3, 0x99, 0xd9, 0x4c, 0x8a,
0x88, 0x82, 0x00, 0x00, 0xfe, 0xff, 0xff, 0xff, 0xff, 0xff, 0xff, 0x07, 0x00, 0x10, 0x00, 0x90,
0x8c, 0x69, 0xd9, 0x8c, 0xd9, 0x4c, 0x99, 0x61, 0x9a, 0xcd, 0xdb, 0xae, 0x49, 0x6c, 0xd6, 0xd4,
0x6d, 0xdb, 0x6c, 0xb7, 0x64, 0xa6, 0x6e, 0x62, 0x26, 0x25, 0x99, 0x48, 0x12, 0x08, 0x24, 0x00,
0xff, 0xff, 0xff, 0xff, 0xff, 0xff, 0xff, 0x07, 0xff, 0x7f, 0x00, 0x60, 0x12, 0x4a, 0x13, 0x33,
0x9b, 0x59, 0x66, 0x4e, 0xf2, 0xf6, 0x7e, 0xfb, 0x23, 0x01, 0x10, 0x91, 0xb7, 0xfd, 0xdf, 0xa7,
0xb6, 0x96, 0x92, 0x4e, 0x66, 0x24, 0x23, 0x53, 0x06, 0x00, 0xfc, 0xff, 0xff, 0xff, 0xff, 0xff,
0xff, 0xff, 0xff, 0x07, 0xff, 0x3f, 0x00, 0x00, 0xd1, 0x98, 0x66, 0x59, 0x62, 0xa6, 0x99, 0xb2,
0xe5, 0xbf, 0xf7, 0xdf, 0x06, 0x90, 0x00, 0x80, 0xff, 0xb7, 0xfb, 0x4e, 0x89, 0x59, 0x99, 0x99,
0x99, 0x49, 0x24, 0x91, 0x04, 0x00, 0xf8, 0xff, 0xff, 0xff, 0xff, 0xff, 0xff, 0xff, 0xff, 0x07,
0xff, 0x3f, 0x00, 0xc0, 0x04, 0xb1, 0x6c, 0xc6, 0x96, 0x32, 0xb3, 0x9a, 0x6d, 0xfb, 0xdd, 0xf6,
0x41, 0x02, 0x22, 0x42, 0xdb, 0xfe, 0xee, 0x5e, 0x6d, 0x32, 0x67, 0xb2, 0x34, 0x92, 0xc4, 0x24,
0x01, 0x00, 0xf8, 0xff, 0xff, 0xff, 0xff, 0xff, 0xff, 0xff, 0xff, 0x07, 0xff, 0x7f, 0x00, 0x80,
0x6c, 0x66, 0x89, 0x39, 0xd9, 0x5a, 0x26, 0x63, 0xf2, 0xcd, 0x6e, 0xbb, 0x13, 0x22, 0x89, 0x48,
0xb7, 0xcb, 0x9d, 0x93, 0x31, 0xcb, 0x34, 0xcb, 0x66, 0x92, 0x12, 0x26, 0x0b, 0x00, 0xfc, 0xff,
0xff, 0xff, 0xff, 0xff, 0xff, 0xff, 0xff, 0x07, 0xff, 0x3f, 0x00, 0x20, 0x21, 0x4a, 0xb3, 0x4c,
0x4d, 0xc6, 0xcc, 0x2c, 0x93, 0x7f, 0xfb, 0xef, 0x86, 0x48, 0x88, 0x84, 0x7d, 0x7f, 0xf7, 0x2f,
0xcb, 0xcc, 0xa4, 0x19, 0xcb, 0x4c, 0x9a, 0xc8, 0x08, 0x00, 0xf8, 0xff, 0xff, 0xff, 0xff, 0xff,
0xff, 0xff, 0xff, 0x07, 0xff, 0x3f, 0x00, 0x40, 0x86, 0x99, 0xac, 0x66, 0x31, 0x99, 0xd9, 0xcc,
0xec, 0xda, 0xb7, 0xdc, 0x21, 0x08, 0x22, 0xa4, 0xcf, 0xf5, 0x7e, 0x6e, 0xce, 0x34, 0xab, 0x74,
0x98, 0x60, 0x60, 0x12, 0x06, 0x00, 0xf8, 0xff, 0xff, 0xff, 0xff, 0xff, 0xff, 0xff, 0xff, 0x07,
0xff, 0x7f, 0x00, 0xc0, 0x58, 0x64, 0xa6, 0x99, 0xe6, 0x59, 0x26, 0x33, 0xf3, 0xfb, 0xbc, 0x77,
0x43, 0x22, 0x21, 0x81, 0xfb, 0x9e, 0xeb, 0x9b, 0x30, 0x93, 0x99, 0xc6, 0x35, 0x8b, 0x0d, 0x53,
0x02, 0x00, 0xf8, 0xff, 0xff, 0xff, 0xff, 0xff, 0xff, 0xff, 0xff, 0x07, 0xff, 0x3f, 0x00, 0x80,
0x48, 0x32, 0x33, 0xc9, 0x1a, 0x66, 0x29, 0x33, 0x59, 0xaf, 0xef, 0xef, 0x13, 0x41, 0x04, 0xc8,
0xbe, 0xfb, 0xbb, 0xa7, 0x9b, 0x59, 0x66, 0x1a, 0x67, 0x18, 0xd1, 0x24, 0x09, 0x00, 0xf8, 0xff,
0xff, 0xff, 0xff, 0xff, 0xff, 0xff, 0xff, 0x07, 0xff, 0x3f, 0x00, 0x80, 0x26, 0xcb, 0x4c, 0x36,
0xc9, 0x32, 0xdb, 0xcc, 0xe6, 0xbd, 0x7b, 0xba, 0x05, 0x19, 0x98, 0x82, 0xe7, 0x6d, 0xdf, 0x2e,
0xc9, 0xcc, 0xcc, 0x69, 0x48, 0x66, 0x12, 0xa4, 0x04, 0x00, 0xfc, 0xff, 0xff, 0xff, 0xff, 0xff,
0xff, 0xff, 0xff, 0x07, 0xff, 0x7f, 0x00, 0x20, 0x91, 0x28, 0xc9, 0x66, 0x6d, 0xc6, 0x52, 0x66,
0xb2, 0xed, 0xce, 0xef, 0x61, 0x80, 0x81, 0x90, 0x3d, 0xdf, 0xdc, 0x5b, 0x6d, 0xa6, 0x19, 0xcd,
0x9d, 0x81, 0x4c, 0x89, 0x06, 0x00, 0xf8, 0xff, 0xff, 0xff, 0xff, 0xff, 0xff, 0xff, 0xff, 0x07,
0xff, 0x3f, 0x00, 0x40, 0x44, 0xb2, 0xb5, 0x48, 0x93, 0x99, 0xcc, 0x94, 0xd9, 0xef, 0xfd, 0xdd,
0x03, 0x26, 0x24, 0xc4, 0xf7, 0xf3, 0x77, 0x57, 0x93, 0x39, 0xb3, 0x31, 0x65, 0x4c, 0x24, 0x29,
0x02, 0x00, 0xf8, 0xff, 0xff, 0xff, 0xff, 0xff, 0xff, 0xff, 0xff, 0x07, 0xff, 0x3f, 0x00, 0xc0,
0x36, 0xcd, 0xb6, 0x9b, 0x94, 0x2c, 0x33, 0x99, 0x6c, 0x3b, 0xb7, 0x77, 0x93, 0x00, 0x02, 0x41,
0xdf, 0xbe, 0x77, 0x97, 0x94, 0x44, 0x26, 0x26, 0x49, 0x59, 0xb3, 0x66, 0x09, 0x00, 0xf8, 0xff,
0xff, 0xff, 0xff, 0xff, 0xff, 0xff, 0xff, 0x07, 0xff, 0x7f, 0x00, 0x80, 0xc8, 0x34, 0x4b, 0xb2,
0x64, 0x66, 0x92, 0x63, 0xe2, 0xfd, 0xfb, 0xfe, 0x85, 0xc8, 0x48, 0x8c, 0xfd, 0xef, 0xdc, 0xad,
0x34, 0xd3, 0xcc, 0xcc, 0x9a, 0x91, 0x8c, 0x18, 0x05, 0x00, 0xf8, 0xff, 0xff, 0xff, 0xff, 0xff,
0xff, 0xff, 0xff, 0x07, 0xff, 0x7f, 0x00, 0x20, 0x09, 0x22, 0x48, 0x66, 0xdb, 0xd9, 0x6e, 0x6e,
0xdb, 0xcd, 0xce, 0xca, 0x24, 0x22, 0x10, 0xa2, 0x25, 0xd9, 0xdf, 0xaf, 0x6b, 0x9b, 0xd9, 0xd9,
0x36, 0x24, 0x40, 0x42, 0x04, 0x00, 0xfc, 0xff, 0xff, 0xff, 0xff, 0xff, 0xff, 0xff, 0xff, 0x07,
0xff, 0xff, 0xfe, 0x0f, 0x00, 0x00, 0x00, 0xdc, 0xdb, 0xdb, 0xed, 0xdd, 0x7d, 0xff, 0x27, 0x09,
0x03, 0x08, 0x91, 0x00, 0x92, 0x64, 0x7b, 0x76, 0xdb, 0x6e, 0x37, 0xb7, 0x75, 0x00, 0x00, 0x00,
0xf0, 0xff, 0xff, 0xff, 0xff, 0xff, 0xff, 0xff, 0xff, 0xff, 0xff, 0x07, 0xff, 0xff, 0xff, 0x1f,
0x00, 0x00, 0x00, 0xbc, 0x3e, 0xbf, 0xbd, 0x77, 0xb7, 0x33, 0x0b, 0x20, 0x48, 0x41, 0x84, 0x24,
0x40, 0xe0, 0xed, 0xdb, 0xfd, 0xfd, 0xf7, 0x7f, 0x5f, 0x00, 0x00, 0x00, 0xf0, 0xff, 0xff, 0xff,
0xff, 0xff, 0xff, 0xff, 0xff, 0xff, 0xff, 0x07, 0xff, 0xff, 0xff, 0x1f, 0x00, 0x00, 0x00, 0xfc,
0xf7, 0xed, 0xf7, 0xfe, 0xef, 0xfe, 0x8b, 0x84, 0x20, 0x14, 0x22, 0x88, 0x04, 0xc1, 0xb7, 0xfb,
0xb7, 0xb7, 0xdd, 0xee, 0x7b, 0x00, 0x00, 0x00, 0xf0, 0xff, 0xff, 0xff, 0xff, 0xff, 0xff, 0xff,
0xff, 0xff, 0xff, 0x07, 0xff, 0xff, 0xff, 0x1f, 0x00, 0x00, 0x00, 0xcc, 0xdd, 0x77, 0xdf, 0xcb,
0xbc, 0xcf, 0x26, 0x10, 0x92, 0x40, 0x22, 0x41, 0x10, 0xd4, 0x7e, 0x6e, 0xde, 0x7e, 0xff, 0xb9,
0x3b, 0x00, 0x00, 0x00, 0xf0, 0xff, 0xff, 0xff, 0xff, 0xff, 0xff, 0xff, 0xff, 0xff, 0xff, 0x07,
0xff, 0xff, 0xff, 0x1f, 0x00, 0x00, 0x00, 0x78, 0x7b, 0xde, 0x6c, 0x7b, 0xf7, 0xfc, 0x07, 0x43,
0x08, 0x8a, 0x08, 0x11, 0x49, 0xd2, 0xd9, 0xdf, 0x7b, 0xcb, 0x69, 0xdf, 0x6e, 0x00, 0x00, 0x00,
0xf0, 0xff, 0xff, 0xff, 0xff, 0xff, 0xff, 0xff, 0xff, 0xff, 0xff, 0x07, 0xff, 0xff, 0xff, 0x1f,
0x00, 0x00, 0x00, 0x7c, 0xef, 0xbb, 0xef, 0xbe, 0xcf, 0x37, 0x4f, 0x88, 0x24, 0x22, 0x48, 0x04,
0x21, 0x61, 0xdf, 0xf5, 0xdb, 0xfb, 0xdf, 0xf7, 0x7e, 0x00, 0x00, 0x00, 0xf0, 0xff, 0xff, 0xff,
0xff, 0xff, 0xff, 0xff, 0xff, 0xff, 0xff, 0x07, 0xff, 0xff, 0xff, 0x1f, 0x00, 0x00, 0x00, 0xdc,
0x6d, 0xf7, 0xbb, 0xb7, 0x79, 0xf7, 0x09, 0x88, 0x80, 0x00, 0x01, 0x64, 0x04, 0xe4, 0x77, 0x3f,
0xdf, 0x3e, 0x77, 0xed, 0x33, 0x00, 0x00, 0x00, 0xf0, 0xff, 0xff, 0xff, 0xff, 0xff, 0xff, 0xff,
0xff, 0xff, 0xff, 0x07, 0xff, 0xff, 0xff, 0x1f, 0x00, 0x00, 0x00, 0xdc, 0x7b, 0x77, 0x7e, 0xf7,
0xff, 0xdd, 0xa7, 0x22, 0x12, 0x4c, 0x32, 0x01, 0xc4, 0xc0, 0xf6, 0xe6, 0xf5, 0xf7, 0x7d, 0x3f,
0x7f, 0x00, 0x00, 0x00, 0xf0, 0xff, 0xff, 0xff, 0xff, 0xff, 0xff, 0xff, 0xff, 0xff, 0xff, 0x07,
0xff, 0xff, 0xff, 0x1f, 0x00, 0x00, 0x00, 0x78, 0xde, 0xdd, 0xe7, 0xdd, 0xb6, 0x3d, 0x07, 0x02,
0x42, 0x41, 0x08, 0x89, 0x10, 0xb2, 0xdb, 0xfb, 0x3e, 0x77, 0xcf, 0xf3, 0x6d, 0x00, 0x00, 0x00,
0xf0, 0xff, 0xff, 0xff, 0xff, 0xff, 0xff, 0xff, 0xff, 0xff, 0xff, 0x07, 0xff, 0xff, 0xff, 0x1f,
0x00, 0x00, 0x00, 0xec, 0xb7, 0xdd, 0xbd, 0xdd, 0x6e, 0xe7, 0x4d, 0x98, 0x48, 0x10, 0x41, 0x48,
0x12, 0xe2, 0x7d, 0xdf, 0xee, 0x6d, 0xfb, 0xde, 0x3d, 0x00, 0x00, 0x00, 0xf0, 0xff, 0xff, 0xff,
0xff, 0xff, 0xff, 0xff, 0xff, 0xff, 0xff, 0x07, 0xff, 0xff, 0xff, 0x1f, 0x00, 0x00, 0x00, 0xbc,
0xed, 0x76, 0xdb, 0xf7, 0xfb, 0xff, 0x87, 0x40, 0x08, 0x86, 0x44, 0x42, 0xc4, 0xc8, 0xed, 0xdc,
0xfb, 0xee, 0xb6, 0x6d, 0x73, 0x00, 0x00, 0x00, 0xf0, 0xff, 0xff, 0xff, 0xff, 0xff, 0xff, 0xff,
0xff, 0xff, 0xff, 0x07, 0xff, 0xff, 0xff, 0x1f, 0x00, 0x00, 0x00, 0xbc, 0xff, 0xff, 0x7e, 0x3b,
0x9f, 0x59, 0x1b, 0x02, 0x21, 0x20, 0x10, 0x10, 0x01, 0x60, 0x9f, 0x77, 0xb7, 0xbb, 0xff, 0xff,
0x7f, 0x00, 0x00, 0x00, 0xf0, 0xff, 0xff, 0xff, 0xff, 0xff, 0xff, 0xff, 0xff, 0xff, 0xff, 0x07,
0xff, 0xff, 0xff, 0x1f, 0x00, 0x00, 0x00, 0xfc, 0xdb, 0xdb, 0xef, 0xee, 0xf5, 0x7e, 0x07, 0x08,
0x84, 0x08, 0x81, 0x04, 0x08, 0xe1, 0xf3, 0xf7, 0xdd, 0xff, 0xdb, 0xb6, 0x3f, 0x00, 0x00, 0x00,
0xf0, 0xff, 0xff, 0xff, 0xff, 0xff, 0xff, 0xff, 0xff, 0xff, 0xff, 0x07, 0xff, 0xff, 0xff, 0x1f,
0x00, 0x00, 0x00, 0xd8, 0xbe, 0xde, 0xbd, 0xf7, 0xfd, 0xb6, 0xcd, 0x64, 0x10, 0x42, 0x0c, 0x20,
0x22, 0xc9, 0x7e, 0xdb, 0xde, 0x6c, 0xbf, 0xbf, 0x79, 0x00, 0x00, 0x00, 0xf0, 0xff, 0xff, 0xff,
0xff, 0xff, 0xff, 0xff, 0xff, 0xff, 0xff, 0x07, 0xff, 0xff, 0xff, 0x1f, 0x00, 0x00, 0x00, 0x00,
0x80, 0x20, 0xc0, 0x5d, 0xcf, 0xef, 0x97, 0x95, 0xdb, 0xb6, 0x79, 0xef, 0xb6, 0xb6, 0x6f, 0xbf,
0xfb, 0x03, 0x00, 0x40, 0x04, 0x00, 0x00, 0x21, 0xf9, 0xff, 0xff, 0xff, 0xff, 0xff, 0xff, 0xff,
0xff, 0xff, 0xff, 0x07, 0xff, 0xff, 0xff, 0x1f, 0x00, 0xb0, 0x6d, 0x01, 0x00, 0x00, 0x00, 0xef,
0x7b, 0x7b, 0x77, 0xff, 0xee, 0xbd, 0xf7, 0xdd, 0xdd, 0xf6, 0xec, 0xed, 0x6b, 0x03, 0x00, 0x00,
0x00, 0x00, 0xc0, 0xff, 0xff, 0xff, 0xff, 0xff, 0xff, 0xff, 0xff, 0xff, 0xff, 0xff, 0xff, 0x07,
0xff, 0xff, 0xff, 0x1f, 0x00, 0x30, 0xd3, 0x01, 0x00, 0x00, 0x80, 0xbb, 0xbe, 0xb7, 0xfd, 0xfb,
0xbf, 0xef, 0xde, 0x77, 0xff, 0xdf, 0xbf, 0x7b, 0xde, 0x01, 0x00, 0x00, 0x00, 0x00, 0xc0, 0xff,
0xff, 0xff, 0xff, 0xff, 0xff, 0xff, 0xff, 0xff, 0xff, 0xff, 0xff, 0x07, 0xff, 0xff, 0xff, 0x1f,
0x00, 0x60, 0x96, 0x00, 0x00, 0x00, 0x80, 0xfb, 0xf3, 0xbc, 0xef, 0x6e, 0xfb, 0xfe, 0x7b, 0xff,
0xbb, 0x7d, 0xf3, 0xee, 0xf7, 0x03, 0x00, 0x00, 0x00, 0x00, 0xc0, 0xff, 0xff, 0xff, 0xff, 0xff,
0xff, 0xff, 0xff, 0xff, 0xff, 0xff, 0xff, 0x07, 0xff, 0xff, 0xff, 0x1f, 0x00, 0xd0, 0x64, 0x02,
0x00, 0x00, 0x80, 0x37, 0xdf, 0xef, 0xba, 0xdb, 0x6e, 0x33, 0x6f, 0x9b, 0xeb, 0x6d, 0xdf, 0x9d,
0xbd, 0x03, 0x00, 0x00, 0x00, 0x00, 0xc0, 0xff, 0xff, 0xff, 0xff, 0xff, 0xff, 0xff, 0xff, 0xff,
0xff, 0xff, 0xff, 0x07, 0xff, 0xff, 0xff, 0x1f, 0x00, 0x90, 0x99, 0x01, 0x00, 0x00, 0x80, 0xdd,
0xdd, 0xfb, 0xde, 0xde, 0xdb, 0xdf, 0xed, 0xf6, 0x5e, 0xb7, 0x3d, 0xf7, 0xdb, 0x02, 0x00, 0x00,
0x00, 0x00, 0xc0, 0xff, 0xff, 0xff, 0xff, 0xff, 0xff, 0xff, 0xff, 0xff, 0xff, 0xff, 0xff, 0x07,
0xff, 0xff, 0xff, 0x1f, 0x00, 0x30, 0xcb, 0x00, 0x00, 0x00, 0x80, 0xf7, 0x77, 0xce, 0xf7, 0x6d,
0xf7, 0xfc, 0xbd, 0xf7, 0xf6, 0xf7, 0xe7, 0x7f, 0xee, 0x03, 0x00, 0x00, 0x00, 0x00, 0xc0, 0xff,
0xff, 0xff, 0xff, 0xff, 0xff, 0xff, 0xff, 0xff, 0xff, 0xff, 0xff, 0x07, 0xff, 0xff, 0xff, 0x1f,
0x00, 0x60, 0x6a, 0x02, 0x00, 0x00, 0x80, 0xb7, 0xbe, 0x77, 0x3b, 0xf7, 0xbd, 0x67, 0xf7, 0x9d,
0xbf, 0xde, 0xfe, 0xcc, 0x6f, 0x03, 0x00, 0x00, 0x00, 0x00, 0xc0, 0xff, 0xff, 0xff, 0xff, 0xff,
0xff, 0xff, 0xff, 0xff, 0xff, 0xff, 0xff, 0x07, 0xff, 0xff, 0xff, 0x1f, 0x00, 0xd0, 0xcc, 0x00,
0x00, 0x00, 0x80, 0xfd, 0xe6, 0x7d, 0xef, 0xb7, 0xef, 0x7f, 0xcf, 0xfe, 0xd9, 0xbb, 0xdb, 0xf7,
0xf9, 0x01, 0x00, 0x00, 0x00, 0x00, 0xc0, 0xff, 0xff, 0xff, 0xff, 0xff, 0xff, 0xff, 0xff, 0xff,
0xff, 0xff, 0xff, 0x07, 0xff, 0xff, 0xff, 0x1f, 0x00, 0x90, 0x91, 0x01, 0x00, 0x00, 0x80, 0xdb,
0x7f, 0xef, 0xdd, 0xbe, 0x5a, 0xda, 0xf9, 0x66, 0xdf, 0xed, 0xde, 0xbd, 0x9f, 0x03, 0x00, 0x00,
0x00, 0x00, 0xc0, 0xff, 0xff, 0xff, 0xff, 0xff, 0xff, 0xff, 0xff, 0xff, 0xff, 0xff, 0xff, 0x07,
0xff, 0xff, 0xff, 0x1f, 0x00, 0x30, 0x37, 0x01, 0x00, 0x00, 0x00, 0x37, 0xd9, 0x9a, 0xf5, 0xda,
0xfb, 0xdb, 0xbf, 0xbf, 0x73, 0x77, 0x73, 0xbb, 0xf6, 0x02, 0x00, 0x00, 0x00, 0x00, 0xc0, 0xff,
0xff, 0xff, 0xff, 0xff, 0xff, 0xff, 0xff, 0xff, 0xff, 0xff, 0xff, 0x07, 0xff, 0xff, 0xff, 0x1f,
0x00, 0x60, 0xcc, 0x00, 0x00, 0x00, 0x80, 0xfd, 0xdf, 0xf7, 0xbf, 0x6f, 0xaf, 0x7f, 0xb6, 0xf9,
0x7e, 0xdf, 0xbf, 0xef, 0xbb, 0x03, 0x00, 0x00, 0x00, 0x00, 0xc0, 0xff, 0xff, 0xff, 0xff, 0xff,
0xff, 0xff, 0xff, 0xff, 0xff, 0xff, 0xff, 0x07, 0xff, 0xff, 0xff, 0x1f, 0x00, 0xd0, 0xd2, 0x02,
0x00, 0x00, 0x80, 0xef, 0xf7, 0x7d, 0xfb, 0xfd, 0xff, 0xf6, 0xff, 0xdf, 0xef, 0xfd, 0xee, 0x7e,
0xef, 0x03, 0x00, 0x00, 0x00, 0x00, 0xc0, 0xff, 0xff, 0xff, 0xff, 0xff, 0xff, 0xff, 0xff, 0xff,
0xff, 0xff, 0xff, 0x07, 0xff, 0xff, 0xff, 0x1f, 0x00, 0x90, 0x32, 0x01, 0x00, 0x00, 0x80, 0xbf,
0x7d, 0xff, 0x6f, 0xf7, 0xf6, 0xdf, 0xdb, 0xf7, 0xbd, 0xb7, 0xff, 0xdb, 0xff, 0x01, 0x00, 0x00,
0x00, 0x00, 0xc0, 0xff, 0xff, 0xff, 0xff, 0xff, 0xff, 0xff, 0xff, 0xff, 0xff, 0xff, 0xff, 0x07,
0xff, 0xff, 0xff, 0x1f, 0x00, 0x30, 0xcf, 0x00, 0x00, 0x00, 0x00, 0x51, 0x26, 0x83, 0xa4, 0x99,
0x14, 0x49, 0x32, 0x0c, 0x65, 0xca, 0x10, 0x65, 0x88, 0x01, 0x00, 0x00, 0x00, 0x00, 0xc0, 0xff,
0xff, 0xff, 0xff, 0xff, 0xff, 0xff, 0xff, 0xff, 0xff, 0xff, 0xff, 0x07, 0xff, 0xff, 0xff, 0x1f,
0x00, 0x60, 0xc8, 0x02, 0x00, 0x00, 0x00, 0x00, 0x00, 0x00, 0x00, 0x00, 0x00, 0x00, 0x00, 0x00,
0x00, 0x00, 0x00, 0x00, 0x00, 0x04, 0x00, 0x00, 0x00, 0x00, 0xc0, 0xff, 0xff, 0xff, 0xff, 0xff,
0xff, 0xff, 0xff, 0xff, 0xff, 0xff, 0xff, 0x07, 0xff, 0xff, 0xff, 0x1f, 0x00, 0xd0, 0x1a, 0xdb,
0x76, 0x00, 0x00, 0x00, 0x00, 0x00, 0x00, 0x00, 0x00, 0x00, 0x00, 0x00, 0x00, 0x00, 0x00, 0x00,
0x00, 0xf8, 0xff, 0x6d, 0x3b, 0x00, 0xc0, 0xff, 0xff, 0xff, 0xff, 0xff, 0xff, 0xff, 0xff, 0xff,
0xff, 0xff, 0xff, 0x07, 0xff, 0xff, 0xff, 0x1f, 0x00, 0x90, 0x65, 0x49, 0x92, 0x00, 0x00, 0x00,
0x00, 0x00, 0x00, 0x00, 0x00, 0x00, 0x00, 0x00, 0x00, 0x00, 0x00, 0x00, 0x00, 0x98, 0x24, 0x49,
0x22, 0x00, 0xc0, 0xff, 0xff, 0xff, 0xff, 0xff, 0xff, 0xff, 0xff, 0xff, 0xff, 0xff, 0xff, 0x07,
0xff, 0xff, 0xff, 0x1f, 0x00, 0x30, 0x35, 0x25, 0x49, 0x00, 0x00, 0x00, 0x00, 0x00, 0x00, 0x00,
0x00, 0x00, 0x00, 0x00, 0x00, 0x00, 0x00, 0x00, 0x00, 0x30, 0xdb, 0x92, 0x24, 0x00, 0xc0, 0xff,
0xff, 0xff, 0xff, 0xff, 0xff, 0xff, 0xff, 0xff, 0xff, 0xff, 0xff, 0x07, 0xff, 0xff, 0xff, 0x1f,
0x00, 0x60, 0xc6, 0x24, 0x49, 0x00, 0x00, 0x00, 0x00, 0x00, 0x00, 0x00, 0x00, 0x00, 0x00, 0x00,
0x00, 0x00, 0x00, 0x00, 0x00, 0x48, 0x49, 0x92, 0x14, 0x00, 0xc0, 0xff, 0xff, 0xff, 0xff, 0xff,
0xff, 0xff, 0xff, 0xff, 0xff, 0xff, 0xff, 0x07, 0xff, 0xff, 0xff, 0x1f, 0x00, 0xd0, 0xd8, 0x92,
0x24, 0x00, 0x00, 0x00, 0x00, 0x00, 0x00, 0x00, 0x00, 0x00, 0x00, 0x00, 0x00, 0x00, 0x00, 0x00,
0x00, 0x58, 0x65, 0x49, 0x52, 0x00, 0xc0, 0xff, 0xff, 0xff, 0xff, 0xff, 0xff, 0xff, 0xff, 0xff,
0xff, 0xff, 0xff, 0x07, 0xff, 0xff, 0xff, 0x1f, 0x00, 0x90, 0x1b, 0x93, 0xa4, 0x00, 0x00, 0x00,
0x00, 0x00, 0x00, 0x00, 0x00, 0x00, 0x00, 0x00, 0x00, 0x00, 0x00, 0x00, 0x00, 0x30, 0x9b, 0x29,
0x49, 0x00, 0xc0, 0xff, 0xff, 0xff, 0xff, 0xff, 0xff, 0xff, 0xff, 0xff, 0xff, 0xff, 0xff, 0x07,
0xff, 0xff, 0xff, 0x1f, 0x00, 0x30, 0x62, 0x64, 0x92, 0x00, 0x00, 0x00, 0x00, 0x00, 0x00, 0x00,
0x00, 0x00, 0x00, 0x00, 0x00, 0x00, 0x00, 0x00, 0x00, 0xa8, 0x32, 0x22, 0x29, 0x00, 0xc0, 0xff,
0xff, 0xff, 0xff, 0xff, 0xff, 0xff, 0xff, 0xff, 0xff, 0xff, 0xff, 0x07, 0xff, 0xff, 0xff, 0x1f,
0x00, 0x60, 0x9b, 0x05, 0x53, 0x00, 0x00, 0x00, 0x00, 0x00, 0x00, 0x00, 0x00, 0x00, 0x00, 0x00,
0x00, 0x00, 0x00, 0x00, 0x00, 0xa8, 0xcc, 0x52, 0x32, 0x00, 0xc0, 0xff, 0xff, 0xff, 0xff, 0xff,
0xff, 0xff, 0xff, 0xff, 0xff, 0xff, 0xff, 0x07, 0xff, 0xff, 0xff, 0x1f, 0x00, 0x50, 0x64, 0x59,
0x64, 0x00, 0x00, 0x00, 0x00, 0x00, 0x00, 0x00, 0x00, 0x00, 0x00, 0x00, 0x00, 0x00, 0x00, 0x00,
0x00, 0x98, 0xc9, 0x94, 0x04, 0x00, 0xc0, 0xff, 0xff, 0xff, 0xff, 0xff, 0xff, 0xff, 0xff, 0xff,
0xff, 0xff, 0xff, 0x07, 0xff, 0xff, 0xff, 0x1f, 0x00, 0xd0, 0x4c, 0x42, 0x24, 0x00, 0x00, 0x00,
0x00, 0x00, 0x00, 0x00, 0x00, 0x00, 0x00, 0x00, 0x00, 0x00, 0x00, 0x00, 0x00, 0x30, 0x3b, 0x21,
0x35, 0x00, 0xc0, 0xff, 0xff, 0xff, 0xff, 0xff, 0xff, 0xff, 0xff, 0xff, 0xff, 0xff, 0xff, 0x07,
0xff, 0xff, 0xff, 0x1f, 0x00, 0x30, 0xdb, 0xa6, 0x99, 0x00, 0x00, 0x00, 0x00, 0x00, 0x00, 0x00,
0x00, 0x00, 0x00, 0x00, 0x00, 0x00, 0x00, 0x00, 0x00, 0x68, 0x22, 0x4b, 0x11, 0x00, 0xc0, 0xff,
0xff, 0xff, 0xff, 0xff, 0xff, 0xff, 0xff, 0xff, 0xff, 0xff, 0xff, 0x07, 0xff, 0xff, 0xff, 0x1f,
0x00, 0xb0, 0x99, 0x99, 0x52, 0x00, 0x00, 0x00, 0x00, 0x00, 0x00, 0x00, 0x00, 0x00, 0x00, 0x00,
0x00, 0x00, 0x00, 0x00, 0x00, 0xc8, 0xb6, 0x18, 0x52, 0x00, 0xc0, 0xff, 0xff, 0xff, 0xff, 0xff,
0xff, 0xff, 0xff, 0xff, 0xff, 0xff, 0xff, 0x07, 0xff, 0xff, 0xff, 0x1f, 0x00, 0x20, 0x63, 0x42,
0x42, 0x00, 0x00, 0x00, 0x00, 0x00, 0x00, 0x00, 0x00, 0x00, 0x00, 0x00, 0x00, 0x00, 0x00, 0x00,
0x00, 0x98, 0xc4, 0xe2, 0x4c, 0x00, 0xc0, 0xff, 0xff, 0xff, 0xff, 0xff, 0xff, 0xff, 0xff, 0xff,
0xff, 0xff, 0xff, 0x07, 0xff, 0xff, 0xff, 0x1f, 0x49, 0x06, 0x00, 0x00, 0x08, 0x93, 0x24, 0x49,
0x92, 0x24, 0x49, 0x92, 0x24, 0x49, 0x92, 0x24, 0x49, 0x92, 0x24, 0x01, 0x00, 0x30, 0x19, 0x09,
0x21, 0x00, 0xc0, 0xff, 0xff, 0xff, 0xff, 0xff, 0xff, 0xff, 0xff, 0xff, 0xff, 0xff, 0xff, 0x07,
0xff, 0xff, 0xff, 0xff, 0xff, 0x07, 0x00, 0x00, 0x00, 0xff, 0xff, 0xff, 0xff, 0xff, 0xff, 0xff,
0xff, 0xff, 0xff, 0xff, 0xff, 0xff, 0xff, 0x0f, 0x00, 0x20, 0x53, 0x26, 0x19, 0x00, 0xc0, 0xff,
0xff, 0xff, 0xff, 0xff, 0xff, 0xff, 0xff, 0xff, 0xff, 0xff, 0xff, 0x07, 0xff, 0xff, 0xff, 0xff,
0xff, 0x07, 0x00, 0x00, 0x00, 0xff, 0xff, 0xff, 0xff, 0xff, 0xff, 0xff, 0xff, 0xff, 0xff, 0xff,
0xff, 0xff, 0xff, 0x0f, 0x00, 0x48, 0x44, 0xc8, 0x64, 0x00, 0xc0, 0xff, 0xff, 0xff, 0xff, 0xff,
0xff, 0xff, 0xff, 0xff, 0xff, 0xff, 0xff, 0x07, 0xff, 0xff, 0xff, 0xff, 0xff, 0x0f, 0x00, 0x00,
0x00, 0xff, 0xff, 0xff, 0xff, 0xff, 0xff, 0xff, 0xff, 0xff, 0xff, 0xff, 0xff, 0xff, 0xff, 0x0f,
0x00, 0x98, 0x24, 0x13, 0x06, 0x00, 0xc0, 0xff, 0xff, 0xff, 0xff, 0xff, 0xff, 0xff, 0xff, 0xff,
0xff, 0xff, 0xff, 0x07, 0xff, 0xff, 0xff, 0xff, 0xff, 0x07, 0x00, 0x00, 0x00, 0xfe, 0xff, 0xff,
0xff, 0xff, 0xff, 0xff, 0xff, 0xff, 0xff, 0xff, 0xff, 0xff, 0xff, 0x0f, 0x00, 0x20, 0xb3, 0x94,
0x19, 0x00, 0xc0, 0xff, 0xff, 0xff, 0xff, 0xff, 0xff, 0xff, 0xff, 0xff, 0xff, 0xff, 0xff, 0x07,
0xff, 0xff, 0xff, 0xff, 0xff, 0x07, 0x00, 0x00, 0x00, 0xff, 0xff, 0xff, 0xff, 0xff, 0xff, 0xff,
0xff, 0xff, 0xff, 0xff, 0xff, 0xff, 0xff, 0x0f, 0x00, 0x10, 0x89, 0x64, 0x30, 0x00, 0xc0, 0xff,
0xff, 0xff, 0xff, 0xff, 0xff, 0xff, 0xff, 0xff, 0xff, 0xff, 0xff, 0x07, 0xff, 0xff, 0xff, 0xff,
0xff, 0x07, 0x00, 0x00, 0x00, 0xff, 0xff, 0xff, 0xff, 0xff, 0xff, 0xff, 0xff, 0xff, 0xff, 0xff,
0xff, 0xff, 0xff, 0x0f, 0x00, 0x58, 0x24, 0x09, 0x23, 0x00, 0xc0, 0xff, 0xff, 0xff, 0xff, 0xff,
0xff, 0xff, 0xff, 0xff, 0xff, 0xff, 0xff, 0x07, 0xff, 0xff, 0xff, 0xff, 0xff, 0x07, 0x00, 0x00,
0x00, 0xff, 0xff, 0xff, 0xff, 0xff, 0xff, 0xff, 0xff, 0xff, 0xff, 0xff, 0xff, 0xff, 0xff, 0x0f,
0x00, 0xc0, 0x64, 0x32, 0x4a, 0x00, 0xc0, 0xff, 0xff, 0xff, 0xff, 0xff, 0xff, 0xff, 0xff, 0xff,
0xff, 0xff, 0xff, 0x07, 0xff, 0xff, 0xff, 0xff, 0xff, 0x0f, 0x00, 0x00, 0x00, 0xff, 0xff, 0xff,
0xff, 0xff, 0xff, 0xff, 0xff, 0xff, 0xff, 0xff, 0xff, 0xff, 0xff, 0x0f, 0x00, 0x30, 0x89, 0xc4,
0x18, 0x00, 0xc0, 0xff, 0xff, 0xff, 0xff, 0xff, 0xff, 0xff, 0xff, 0xff, 0xff, 0xff, 0xff, 0x07,
0xff, 0xff, 0xff, 0xff, 0xff, 0x07, 0x00, 0x00, 0x00, 0xfe, 0xff, 0xff, 0xff, 0xff, 0xff, 0xff,
0xff, 0xff, 0xff, 0xff, 0xff, 0xff, 0xff, 0x0f, 0x00, 0x08, 0x89, 0x19, 0x25, 0x00, 0xc0, 0xff,
0xff, 0xff, 0xff, 0xff, 0xff, 0xff, 0xff, 0xff, 0xff, 0xff, 0xff, 0x07, 0xff, 0xff, 0xff, 0xff,
0xff, 0x07, 0x00, 0x00, 0x00, 0xff, 0xff, 0xff, 0xff, 0xff, 0xff, 0xff, 0xff, 0xff, 0xff, 0xff,
0xff, 0xff, 0xff, 0x0f, 0x00, 0x48, 0x32, 0x22, 0x21, 0x00, 0xc0, 0xff, 0xff, 0xff, 0xff, 0xff,
0xff, 0xff, 0xff, 0xff, 0xff, 0xff, 0xff, 0x07, 0xff, 0xff, 0xff, 0xff, 0xff, 0x07, 0x00, 0x00,
0x00, 0xff, 0xff, 0xff, 0xff, 0xff, 0xff, 0xff, 0xff, 0xff, 0xff, 0xff, 0xff, 0xff, 0xff, 0x0f,
0x00, 0x30, 0x23, 0xa6, 0x4c, 0x00, 0xc0, 0xff, 0xff, 0xff, 0xff, 0xff, 0xff, 0xff, 0xff, 0xff,
0xff, 0xff, 0xff, 0x07, 0xff, 0xff, 0xff, 0xff, 0xff, 0x0f, 0x00, 0x00, 0x00, 0xff, 0xff, 0xff,
0xff, 0xff, 0xff, 0xff, 0xff, 0xff, 0xff, 0xff, 0xff, 0xff, 0xff, 0x0f, 0x00, 0x90, 0xcc, 0x94,
0x12, 0x00, 0xc0, 0xff, 0xff, 0xff, 0xff, 0xff, 0xff, 0xff, 0xff, 0xff, 0xff, 0xff, 0xff, 0x07,
0xff, 0xff, 0xff, 0xff, 0xff, 0x07, 0x00, 0x00, 0x00, 0xff, 0xff, 0xff, 0xff, 0xff, 0xff, 0xff,
0xff, 0xff, 0xff, 0xff, 0xff, 0xff, 0xff, 0x0f, 0x00, 0xc8, 0x94, 0x51, 0x32, 0x00, 0xc0, 0xff,
0xff, 0xff, 0xff, 0xff, 0xff, 0xff, 0xff, 0xff, 0xff, 0xff, 0xff, 0x07, 0xff, 0xff, 0xff, 0xff,
0xff, 0x07, 0x00, 0x00, 0x00, 0xff, 0xff, 0xff, 0xff, 0xff, 0xff, 0xff, 0xff, 0xff, 0xff, 0xff,
0xff, 0xff, 0xff, 0x0f, 0x00, 0x08, 0x00, 0x08, 0x09, 0x00, 0xe0, 0xff, 0xff, 0xff, 0xff, 0xff,
0xff, 0xff, 0xff, 0xff, 0xff, 0xff, 0xff, 0x07, 0xff, 0xff, 0xff, 0xff, 0xff, 0xff, 0xff, 0xff,
0xff, 0xff, 0xff, 0xff, 0xff, 0xff, 0xff, 0xff, 0xff, 0xff, 0xff, 0xff, 0xff, 0xff, 0xff, 0xff,
0xff, 0x03, 0x00, 0x00, 0x80, 0xff, 0xff, 0xff, 0xff, 0xff, 0xff, 0xff, 0xff, 0xff, 0xff, 0xff,
0xff, 0xff, 0xff, 0x07, 0xff, 0xff, 0xff, 0xff, 0xff, 0xff, 0xff, 0xff, 0xff, 0xff, 0xff, 0xff,
0xff, 0xff, 0xff, 0xff, 0xff, 0xff, 0xff, 0xff, 0xff, 0xff, 0xff, 0xff, 0xff, 0x07, 0x00, 0x00,
0x80, 0xff, 0xff, 0xff, 0xff, 0xff, 0xff, 0xff, 0xff, 0xff, 0xff, 0xff, 0xff, 0xff, 0xff, 0x07,
0xff, 0xff, 0xff, 0xff, 0xff, 0xff, 0xff, 0xff, 0xff, 0xff, 0xff, 0xff, 0xff, 0xff, 0xff, 0xff,
0xff, 0xff, 0xff, 0xff, 0xff, 0xff, 0xff, 0xff, 0xff, 0x03, 0x00, 0x00, 0x80, 0xff, 0xff, 0xff,
0xff, 0xff, 0xff, 0xff, 0xff, 0xff, 0xff, 0xff, 0xff, 0xff, 0xff, 0x07, 0xff, 0xff, 0xff, 0xff,
0xff, 0xff, 0xff, 0xff, 0xff, 0xff, 0xff, 0xff, 0xff, 0xff, 0xff, 0xff, 0xff, 0xff, 0xff, 0xff,
0xff, 0xff, 0xff, 0xff, 0xff, 0x03, 0x00, 0x00, 0x80, 0xff, 0xff, 0xff, 0xff, 0xff, 0xff, 0xff,
0xff, 0xff, 0xff, 0xff, 0xff, 0xff, 0xff, 0x07, 0xff, 0xff, 0xff, 0xff, 0xff, 0xff, 0xff, 0xff,
0xff, 0xff, 0xff, 0xff, 0xff, 0xff, 0xff, 0xff, 0xff, 0xff, 0xff, 0xff, 0xff, 0xff, 0xff, 0xff,
0xff, 0x07, 0x00, 0x00, 0x00, 0xff, 0xff, 0xff, 0xff, 0xff, 0xff, 0xff, 0xff, 0xff, 0xff, 0xff,
0xff, 0xff, 0xff, 0x07, 0xff, 0xff, 0xff, 0xff, 0xff, 0xff, 0xff, 0xff, 0xff, 0xff, 0xff, 0xff,
0xff, 0xff, 0xff, 0xff, 0xff, 0xff, 0xff, 0xff, 0xff, 0xff, 0xff, 0xff, 0xff, 0x03, 0x00, 0x00,
0x80, 0xff, 0xff, 0xff, 0xff, 0xff, 0xff, 0xff, 0xff, 0xff, 0xff, 0xff, 0xff, 0xff, 0xff, 0x07,
0xff, 0xff, 0xff, 0xff, 0xff, 0xff, 0xff, 0xff, 0xff, 0xff, 0xff, 0xff, 0xff, 0xff, 0xff, 0xff,
0xff, 0xff, 0xff, 0xff, 0xff, 0xff, 0xff, 0xff, 0xff, 0x03, 0x00, 0x00, 0x80, 0xff, 0xff, 0xff,
0xff, 0xff, 0xff, 0xff, 0xff, 0xff, 0xff, 0xff, 0xff, 0xff, 0xff, 0x07, 0xff, 0xff, 0xff, 0xff,
0xff, 0xff, 0xff, 0xff, 0xff, 0xff, 0xff, 0xff, 0xff, 0xff, 0xff, 0xff, 0xff, 0xff, 0xff, 0xff,
0xff, 0xff, 0xff, 0xff, 0xff, 0x07, 0x00, 0x00, 0x00, 0xff, 0xff, 0xff, 0xff, 0xff, 0xff, 0xff,
0xff, 0xff, 0xff, 0xff, 0xff, 0xff, 0xff, 0x07, 0xff, 0xff, 0xff, 0xff, 0xff, 0xff, 0xff, 0xff,
0xff, 0xff, 0xff, 0xff, 0xff, 0xff, 0xff, 0xff, 0xff, 0xff, 0xff, 0xff, 0xff, 0xff, 0xff, 0xff,
0xff, 0x03, 0x00, 0x00, 0x80, 0xff, 0xff, 0xff, 0xff, 0xff, 0xff, 0xff, 0xff, 0xff, 0xff, 0xff,
0xff, 0xff, 0xff, 0x07, 0xff, 0xff, 0xff, 0xff, 0xff, 0xff, 0xff, 0xff, 0xff, 0xff, 0xff, 0xff,
0xff, 0xff, 0xff, 0xff, 0xff, 0xff, 0xff, 0xff, 0xff, 0xff, 0xff, 0xff, 0xff, 0x03, 0x00, 0x00,
0x80, 0xff, 0xff, 0xff, 0xff, 0xff, 0xff, 0xff, 0xff, 0xff, 0xff, 0xff, 0xff, 0xff, 0xff, 0x07,
0xff, 0xff, 0xff, 0xff, 0xff, 0xff, 0xff, 0xff, 0xff, 0xff, 0xff, 0xff, 0xff, 0xff, 0xff, 0xff,
0xff, 0xff, 0xff, 0xff, 0xff, 0xff, 0xff, 0xff, 0xff, 0x07, 0x00, 0x00, 0x80, 0xff, 0xff, 0xff,
0xff, 0xff, 0xff, 0xff, 0xff, 0xff, 0xff, 0xff, 0xff, 0xff, 0xff, 0x07, 0xff, 0xff, 0xff, 0xff,
0xff, 0xff, 0xff, 0xff, 0xff, 0xff, 0xff, 0xff, 0xff, 0xff, 0xff, 0xff, 0xff, 0xff, 0xff, 0xff,
0xff, 0xff, 0xff, 0xff, 0xff, 0x03, 0x00, 0x00, 0x00, 0xff, 0xff, 0xff, 0xff, 0xff, 0xff, 0xff,
0xff, 0xff, 0xff, 0xff, 0xff, 0xff, 0xff, 0x07, 0xff, 0xff, 0xff, 0xff, 0xff, 0xff, 0xff, 0xff,
0xff, 0xff, 0xff, 0xff, 0xff, 0xff, 0xff, 0xff, 0xff, 0xff, 0xff, 0xff, 0xff, 0xff, 0xff, 0xff,
0xff, 0x03, 0x00, 0x00, 0x80, 0xff, 0xff, 0xff, 0xff, 0xff, 0xff, 0xff, 0xff, 0xff, 0xff, 0xff,
0xff, 0xff, 0xff, 0x07, 0xff, 0xff, 0xff, 0xff, 0xff, 0xff, 0xff, 0xff, 0xff, 0xff, 0xff, 0xff,
0xff, 0xff, 0xff, 0xff, 0xff, 0xff, 0xff, 0xff, 0xff, 0xff, 0xff, 0xff, 0xff, 0x07, 0x00, 0x00,
0x80, 0xff, 0xff, 0xff, 0xff, 0xff, 0xff, 0xff, 0xff, 0xff, 0xff, 0xff, 0xff, 0xff, 0xff, 0x07,
0xff, 0xff, 0xff, 0xff, 0xff, 0xff, 0xff, 0xff, 0xff, 0xff, 0xff, 0xff, 0xff, 0xff, 0xff, 0xff,
0xff, 0xff, 0xff, 0xff, 0xff, 0xff, 0xff, 0xff, 0xff, 0x67, 0x66, 0x66, 0xe6, 0xff, 0xff, 0xff,
0xff, 0xff, 0xff, 0xff, 0xff, 0xff, 0xff, 0xff, 0xff, 0xff, 0xff, 0x07, 0xff, 0xff, 0xff, 0xff,
0xff, 0xff, 0xff, 0xff, 0xff, 0xff, 0xff, 0xff, 0xff, 0xff, 0xff, 0xff, 0xff, 0xff, 0xff, 0xff,
0xff, 0xff, 0xff, 0xff, 0xff, 0xff, 0xff, 0xff, 0xff, 0xff, 0xff, 0xff, 0xff, 0xff, 0xff, 0xff,
0xff, 0xff, 0xff, 0xff, 0xff, 0xff, 0xff, 0x07, 0xff, 0xff, 0xff, 0xff, 0xff, 0xff, 0xff, 0xff,
0xff, 0xff, 0xff, 0xff, 0xff, 0xff, 0xff, 0xff, 0xff, 0xff, 0xff, 0xff, 0xff, 0xff, 0xff, 0xff,
0xff, 0xff, 0xff, 0xff, 0xff, 0xff, 0xff, 0xff, 0xff, 0xff, 0xff, 0xff, 0xff, 0xff, 0xff, 0xff,
0xff, 0xff, 0xff, 0x07, 0xff, 0xff, 0xff, 0xff, 0xff, 0xff, 0xff, 0xff, 0xff, 0xff, 0xff, 0xff,
0xff, 0xff, 0xff, 0xff, 0xff, 0xff, 0xff, 0xff, 0xff, 0xff, 0xff, 0xff, 0xff, 0xff, 0xff, 0xff,
0xff, 0xff, 0xff, 0xff, 0xff, 0xff, 0xff, 0xff, 0xff, 0xff, 0xff, 0xff, 0xff, 0xff, 0xff, 0x07,
0xff, 0xff, 0xff, 0xff, 0xff, 0xff, 0xff, 0xff, 0xff, 0xff, 0xff, 0xff, 0xff, 0xff, 0xff, 0xff,
0xff, 0xff, 0xff, 0xff, 0xff, 0xff, 0xff, 0xff, 0xff, 0xff, 0xff, 0xff, 0xff, 0xff, 0xff, 0xff,
0xff, 0xff, 0xff, 0xff, 0xff, 0xff, 0xff, 0xff, 0xff, 0xff, 0xff, 0x07, 0xff, 0xff, 0xff, 0xff,
0xff, 0xff, 0xff, 0xff, 0xff, 0xff, 0xff, 0xff, 0xff, 0xff, 0xff, 0xff, 0xff, 0xff, 0xff, 0xff,
0xff, 0xff, 0xff, 0xff, 0xff, 0xff, 0xff, 0xff, 0xff, 0xff, 0xff, 0xff, 0xff, 0xff, 0xff, 0xff,
0xff, 0xff, 0xff, 0xff, 0xff, 0xff, 0xff, 0x07, 0xff, 0xff, 0xff, 0xff, 0xff, 0xff, 0xff, 0xff,
0xff, 0xff, 0xff, 0xff, 0xff, 0xff, 0xff, 0xff, 0xff, 0xff, 0xff, 0xff, 0xff, 0xff, 0xff, 0xff,
0xff, 0xff, 0xff, 0xff, 0xff, 0xff, 0xff, 0xff, 0xff, 0xff, 0xff, 0xff, 0xff, 0xff, 0xff, 0xff,
0xff, 0xff, 0xff, 0x07, 0xff, 0xff, 0xff, 0xff, 0xff, 0xff, 0xff, 0xff, 0xff, 0xff, 0xff, 0xff,
0xff, 0xff, 0xff, 0xff, 0xff, 0xff, 0xff, 0xff, 0xff, 0xff, 0xff, 0xff, 0xff, 0xff, 0xff, 0xff,
0xff, 0xff, 0xff, 0xff, 0xff, 0xff, 0xff, 0xff, 0xff, 0xff, 0xff, 0xff, 0xff, 0xff, 0xff, 0x07,
0xff, 0xff, 0xff, 0xff, 0xff, 0xff, 0xff, 0xff, 0xff, 0xff, 0xff, 0xff, 0xff, 0xff, 0xff, 0xff,
0xff, 0xff, 0xff, 0xff, 0xff, 0xff, 0xff, 0xff, 0xff, 0xff, 0xff, 0xff, 0xff, 0xff, 0xff, 0xff,
0xff, 0xff, 0xff, 0xff, 0xff, 0xff, 0xff, 0xff, 0xff, 0xff, 0xff, 0x07, 0xff, 0xff, 0xff, 0xff,
0xff, 0xff, 0xff, 0xff, 0xff, 0xff, 0xff, 0xff, 0xff, 0xff, 0xff, 0xff, 0xff, 0xff, 0xff, 0xff,
0xff, 0xff, 0xff, 0xff, 0xff, 0xff, 0xff, 0xff, 0xff, 0xff, 0xff, 0xff, 0xff, 0xff, 0xff, 0xff,
0xff, 0xff, 0xff, 0xff, 0xff, 0xff, 0xff, 0x07, 0xff, 0xff, 0xff, 0xff, 0xff, 0xff, 0xff, 0xff,
0xff, 0xff, 0xff, 0xff, 0xff, 0xff, 0xff, 0xff, 0xff, 0xff, 0xff, 0xff, 0xff, 0xff, 0xff, 0xff,
0xff, 0xff, 0xff, 0xff, 0xff, 0xff, 0xff, 0xff, 0xff, 0xff, 0xff, 0xff, 0xff, 0xff, 0xff, 0xff,
0xff, 0xff, 0xff, 0x07, 0xff, 0xff, 0xff, 0xff, 0xff, 0xff, 0xff, 0xff, 0xff, 0xff, 0xff, 0xff,
0xff, 0xff, 0xff, 0xff, 0xff, 0xff, 0xff, 0xff, 0xff, 0xff, 0xff, 0xff, 0xff, 0xff, 0xff, 0xff,
0xff, 0xff, 0xff, 0xff, 0xff, 0xff, 0xff, 0xff, 0xff, 0xff, 0xff, 0xff, 0xff, 0xff, 0xff, 0x07,
0xff, 0xff, 0xff, 0xff, 0xff, 0xff, 0xff, 0xff, 0xff, 0xff, 0xff, 0xff, 0xff, 0xff, 0xff, 0xff,
0xff, 0xff, 0xff, 0xff, 0xff, 0xff, 0xff, 0xff, 0xff, 0xff, 0xff, 0xff, 0xff, 0xff, 0xff, 0xff,
0xff, 0xff, 0xff, 0xff, 0xff, 0xff, 0xff, 0xff, 0xff, 0xff, 0xff, 0x07, 0xff, 0xff, 0xff, 0xff,
0xff, 0xff, 0xff, 0xff, 0xff, 0xff, 0xff, 0xff, 0xff, 0xff, 0xff, 0xff, 0xff, 0xff, 0xff, 0xff,
0xff, 0xff, 0xff, 0xff, 0xff, 0xff, 0xff, 0xff, 0xff, 0xff, 0xff, 0xff, 0xff, 0xff, 0xff, 0xff,
0xff, 0xff, 0xff, 0xff, 0xff, 0xff, 0xff, 0x07, 0xff, 0xff, 0xff, 0xff, 0xff, 0xff, 0xff, 0xff,
0xff, 0xff, 0xff, 0xff, 0xff, 0xff, 0xff, 0xff, 0xff, 0xff, 0xff, 0xff, 0xff, 0xff, 0xff, 0xff,
0xff, 0xff, 0xff, 0xff, 0xff, 0xff, 0xff, 0xff, 0xff, 0xff, 0xff, 0xff, 0xff, 0xff, 0xff, 0xff,
0xff, 0xff, 0xff, 0x07
    };

    // Meme 2: Ejemplo Doge o Fine (128x64)
    const uint8_t PROGMEM meme_doge[] alignas(4) = {
      // '2-pop-cat-3200x3200-1-350x350', 350x350px
0xff, 0xff, 0xdf, 0xff, 0xfe, 0xf7, 0xbf, 0xff, 0xfd, 0xff, 0xff, 0xff, 0xfb, 0xff, 0xff, 0xff,
0xff, 0xff, 0xff, 0xff, 0xff, 0xbf, 0xff, 0xfd, 0xef, 0x7f, 0xff, 0xfb, 0xdf, 0xff, 0xff, 0xff,
0x3f, 0x00, 0x00, 0x00, 0x80, 0xff, 0xff, 0xff, 0xff, 0xff, 0xfb, 0x1f, 0x2d, 0xc9, 0xd4, 0xa6,
0x36, 0xb5, 0xa9, 0x4d, 0x37, 0xc9, 0x12, 0x4d, 0x6e, 0x92, 0x25, 0x99, 0xa4, 0x91, 0x26, 0x32,
0x91, 0xa9, 0x4d, 0xcd, 0x68, 0x53, 0x9b, 0xda, 0x74, 0x26, 0x9a, 0x64, 0x09, 0x00, 0x00, 0x00,
0x80, 0x4c, 0x64, 0x49, 0x13, 0x99, 0xda, 0x24, 0xed, 0xbc, 0xd3, 0x9e, 0xf6, 0xb4, 0xcb, 0x36,
0xec, 0xb9, 0xcf, 0x7d, 0xec, 0xb3, 0x9d, 0xf7, 0xbc, 0x67, 0x9b, 0xef, 0xf4, 0xa6, 0x5d, 0x76,
0x6b, 0xc7, 0x76, 0xda, 0xc3, 0x9d, 0xfb, 0x6c, 0x67, 0x08, 0x10, 0x80, 0x80, 0x3b, 0xdf, 0x69,
0x4f, 0x6f, 0xda, 0x13, 0xdb, 0xb4, 0x66, 0x33, 0x9b, 0xd9, 0x96, 0x7b, 0x6d, 0x66, 0x99, 0xe6,
0x98, 0xcc, 0x36, 0x36, 0x73, 0xce, 0x7d, 0xec, 0xd9, 0xce, 0xb6, 0xdc, 0xb1, 0x9d, 0xcd, 0x6c,
0xd6, 0x6d, 0x4e, 0xb3, 0x0d, 0x02, 0x00, 0x01, 0x08, 0xfb, 0xd8, 0xe6, 0x9c, 0xed, 0x6c, 0x16,
0xdb, 0xe9, 0xce, 0x6d, 0x6e, 0x73, 0x96, 0x4d, 0xb6, 0xd3, 0x9d, 0x9b, 0xf9, 0x66, 0x3b, 0xdb,
0xd9, 0xc9, 0x66, 0x36, 0xb3, 0x99, 0xe6, 0x2c, 0xe7, 0x1c, 0xbb, 0xb9, 0x65, 0x2b, 0x73, 0xb9,
0x0d, 0x00, 0x04, 0x40, 0x80, 0xcd, 0x6c, 0xa6, 0x33, 0x9b, 0xb9, 0x0d, 0x37, 0x59, 0x4b, 0x5b,
0x66, 0xb3, 0xcd, 0xf6, 0x9c, 0xb1, 0x36, 0x7b, 0xac, 0x63, 0x4b, 0xdb, 0xd8, 0xce, 0x1a, 0xde,
0xb2, 0x97, 0xdd, 0xec, 0x66, 0x33, 0xbb, 0xd8, 0xcd, 0x3a, 0xdf, 0x69, 0x56, 0x00, 0x40, 0x00,
0x80, 0x36, 0x6c, 0xe3, 0x2e, 0x7b, 0x99, 0x0d, 0xed, 0xd8, 0xc9, 0x36, 0xde, 0xb0, 0x8d, 0x1b,
0x6c, 0xe3, 0x86, 0xcd, 0x6c, 0xe6, 0x2e, 0x6d, 0xb9, 0xc6, 0x7b, 0xca, 0x72, 0x96, 0x6d, 0xdc,
0xd2, 0x97, 0xcd, 0x6c, 0xc6, 0x16, 0xd6, 0xd8, 0x13, 0x10, 0x08, 0x00, 0x80, 0xf6, 0x9c, 0x65,
0x36, 0x67, 0x79, 0x03, 0x9b, 0x3a, 0xe7, 0x2c, 0xdb, 0x6c, 0xab, 0x6d, 0x7b, 0xda, 0x9d, 0xb5,
0x72, 0x93, 0x39, 0x67, 0xa5, 0x29, 0x27, 0xbb, 0xc9, 0xcd, 0x26, 0x35, 0x33, 0x96, 0x6d, 0xba,
0xb3, 0x9d, 0x6d, 0xb2, 0x0d, 0x01, 0x00, 0x10, 0x82, 0x4d, 0xf6, 0xb4, 0x95, 0xdc, 0x6c, 0x33,
0x36, 0xe6, 0x24, 0xcb, 0x32, 0xcd, 0xa2, 0x34, 0x93, 0x19, 0x63, 0x36, 0x9e, 0x59, 0xc7, 0x9a,
0x7c, 0xb3, 0x8d, 0x6d, 0x3c, 0xa3, 0x9b, 0xed, 0xe8, 0x49, 0x33, 0xcb, 0x68, 0x63, 0xad, 0x36,
0x61, 0x00, 0x00, 0x00, 0x00, 0x1b, 0xd3, 0x92, 0xcd, 0x13, 0xca, 0x24, 0xe5, 0x9d, 0xd9, 0x9b,
0x6e, 0xb3, 0xb6, 0x97, 0xdc, 0xe4, 0x6a, 0xcb, 0x69, 0x66, 0xd5, 0xae, 0xc6, 0xd4, 0x6c, 0x66,
0xf3, 0xac, 0x6c, 0xce, 0xae, 0x6d, 0x9f, 0x3d, 0xcb, 0x4e, 0xb3, 0xcd, 0x3e, 0x00, 0x00, 0x00,
0x80, 0xf3, 0x9c, 0x6e, 0x33, 0x6f, 0xbb, 0x0e, 0x9f, 0xd9, 0xdb, 0xb4, 0xcd, 0xb6, 0x6d, 0xdb,
0x6d, 0xef, 0xae, 0x3d, 0xdb, 0xb6, 0x9d, 0xb9, 0xb9, 0xdd, 0x73, 0x9b, 0xcd, 0xb6, 0xb3, 0x39,
0xb3, 0x36, 0x69, 0xe6, 0xb6, 0xb9, 0x56, 0x79, 0x12, 0x00, 0x82, 0x40, 0x80, 0xcc, 0xb6, 0x69,
0xdb, 0xec, 0xac, 0x19, 0x7b, 0x7b, 0xb6, 0x7f, 0xf7, 0x76, 0xef, 0x6e, 0xb7, 0xbb, 0xbd, 0xed,
0xf6, 0xdd, 0x7b, 0x77, 0x6f, 0x37, 0xdf, 0xfd, 0xbd, 0xdb, 0xbf, 0xfd, 0xed, 0xde, 0xff, 0xfb,
0x76, 0xef, 0x00, 0x00, 0x40, 0x36, 0x99, 0x4c, 0x1b, 0x00, 0xec, 0xdf, 0x6e, 0xbb, 0x7b, 0x37,
0x6d, 0xe6, 0xd5, 0x46, 0xb6, 0xd9, 0x99, 0x6d, 0xf6, 0x64, 0x53, 0xdb, 0x36, 0x53, 0x66, 0xd6,
0xec, 0xe6, 0x4c, 0x36, 0xb3, 0x6d, 0x6c, 0x66, 0xad, 0x49, 0x96, 0xcc, 0xd9, 0x96, 0x00, 0x00,
0x00, 0x00, 0x40, 0x00, 0x00, 0x00, 0x38, 0xb1, 0x2b, 0x37, 0xdb, 0x15, 0xed, 0xdc, 0xcd, 0x9e,
0xbd, 0xd9, 0xa6, 0x9d, 0x59, 0x73, 0x4f, 0x37, 0xd9, 0xda, 0x9f, 0xdd, 0x98, 0xcb, 0x3b, 0xdb,
0x74, 0xa7, 0x57, 0xdd, 0xb1, 0x6f, 0x7b, 0x3a, 0xc7, 0x36, 0x11, 0x00, 0x81, 0x44, 0x12, 0x90,
0x84, 0x04, 0xec, 0xe5, 0xce, 0xdc, 0x6c, 0x13, 0x9b, 0x59, 0x66, 0x3b, 0x6b, 0x72, 0x8f, 0x73,
0xde, 0xda, 0x8c, 0xed, 0xdc, 0xe6, 0x2c, 0xbb, 0x79, 0x4b, 0x3b, 0xdb, 0xd1, 0x9a, 0x5d, 0xdc,
0xe6, 0x16, 0xeb, 0xf8, 0x66, 0x3b, 0x01, 0x40, 0x00, 0x11, 0x80, 0x40, 0x00, 0x00, 0x6c, 0xb3,
0x1d, 0xf7, 0xb8, 0x06, 0x77, 0xb9, 0xcb, 0x65, 0xee, 0xb3, 0x99, 0x6e, 0xec, 0xe2, 0x3b, 0xdb,
0xb4, 0xa5, 0x33, 0xab, 0x69, 0xcd, 0x66, 0x36, 0xf3, 0x8e, 0xed, 0x34, 0x63, 0x99, 0xad, 0xcd,
0xca, 0x4d, 0x00, 0x00, 0x40, 0x00, 0x0c, 0x42, 0x02, 0x02, 0x58, 0xa7, 0x31, 0x27, 0xd9, 0x0e,
0xcd, 0xe9, 0xce, 0x5e, 0x96, 0xd8, 0x96, 0xdb, 0x2c, 0x33, 0x9b, 0x33, 0xb9, 0xa5, 0x1b, 0x6f,
0xd9, 0xa5, 0x5d, 0xf6, 0x32, 0x93, 0xb3, 0xec, 0x65, 0x2f, 0x37, 0xb9, 0xcd, 0x36, 0x84, 0x10,
0x00, 0x22, 0x20, 0x10, 0x88, 0x20, 0xdc, 0x64, 0x2f, 0xbd, 0xd9, 0x09, 0x3b, 0x59, 0xc3, 0x5a,
0xf6, 0x71, 0xc6, 0x96, 0xf6, 0xe5, 0x8c, 0xee, 0x6c, 0x67, 0x6e, 0x76, 0xd9, 0xce, 0x6d, 0xce,
0xf2, 0x9c, 0x6e, 0x6e, 0xe6, 0x36, 0xdb, 0x38, 0x67, 0x3b, 0x01, 0x00, 0x84, 0x08, 0x82, 0x80,
0x00, 0x00, 0xb4, 0xd3, 0x2e, 0xdb, 0x6c, 0x23, 0xdb, 0x5c, 0x35, 0x33, 0x5b, 0xb5, 0xcd, 0x36,
0xd6, 0xd8, 0x67, 0xdb, 0xcc, 0xd2, 0x8d, 0x99, 0x6c, 0x62, 0x33, 0x39, 0x99, 0xc7, 0x4e, 0x9c,
0xb3, 0x99, 0x6d, 0xe6, 0x62, 0x8b, 0x00, 0x00, 0x00, 0x00, 0x08, 0x20, 0x02, 0x00, 0xb4, 0xb1,
0x99, 0x6b, 0x2c, 0x27, 0x34, 0xf2, 0xe4, 0x8d, 0x5a, 0xcc, 0xb1, 0x99, 0x9d, 0x5a, 0x52, 0x0d,
0xbb, 0xd8, 0x94, 0xdb, 0xb2, 0x33, 0x97, 0x6d, 0x75, 0xb2, 0x99, 0xf5, 0x28, 0x4b, 0x2b, 0x9d,
0xd9, 0xcc, 0x20, 0x40, 0x00, 0x11, 0x20, 0x00, 0x80, 0x08, 0x6c, 0x6c, 0xc3, 0x2c, 0xbb, 0x19,
0x67, 0x9b, 0x5b, 0xdb, 0x66, 0x7b, 0xb6, 0x67, 0x65, 0xb3, 0xdd, 0x75, 0xba, 0x67, 0x73, 0x66,
0x9e, 0xcc, 0xcc, 0x66, 0xd5, 0xad, 0xb3, 0x4d, 0xee, 0x66, 0xdb, 0x79, 0xcd, 0x36, 0x01, 0x08,
0x40, 0x84, 0x84, 0x44, 0x24, 0x00, 0xd8, 0x66, 0x3e, 0xb7, 0xd9, 0x0c, 0xdb, 0x6d, 0x5b, 0x32,
0x9b, 0xb1, 0x67, 0x6e, 0x77, 0xed, 0x2c, 0xb7, 0x4b, 0x36, 0x6f, 0xaf, 0xf5, 0xfd, 0xbb, 0x9e,
0x9d, 0x65, 0x36, 0xdb, 0xa9, 0x9c, 0x54, 0x66, 0x35, 0xb3, 0x00, 0x00, 0x02, 0x00, 0x12, 0x49,
0x00, 0x00, 0x94, 0xd9, 0x65, 0xdb, 0xd6, 0x36, 0xbd, 0xed, 0x16, 0x00, 0x00, 0xb0, 0xdd, 0xb9,
0xdd, 0x6d, 0xf7, 0xee, 0xfe, 0xdd, 0x6d, 0xb9, 0x6d, 0x97, 0xbb, 0xf9, 0x06, 0x00, 0x00, 0x00,
0x00, 0x00, 0x00, 0x00, 0x00, 0x00, 0x4a, 0x92, 0x48, 0x93, 0xfe, 0x1f, 0x93, 0x5a, 0x00, 0x60,
0xdf, 0x6d, 0xbe, 0x1b, 0x2d, 0x9b, 0x35, 0x00, 0x00, 0x70, 0x93, 0xcf, 0x6c, 0xb6, 0x93, 0x59,
0xb2, 0xc9, 0xcd, 0x77, 0xda, 0x32, 0x67, 0x67, 0x02, 0x00, 0x00, 0x00, 0x00, 0x00, 0x00, 0x00,
0x00, 0x00, 0x10, 0x20, 0x01, 0x08, 0xfe, 0x0f, 0x00, 0x00, 0x01, 0xa0, 0x99, 0x6d, 0x6b, 0x0b,
0xfb, 0xf8, 0x25, 0x02, 0x20, 0xd0, 0xae, 0x36, 0xbb, 0xb1, 0x4e, 0x77, 0x6d, 0x33, 0x1b, 0xd6,
0xb2, 0xeb, 0x1c, 0xde, 0x09, 0x00, 0x04, 0x20, 0x80, 0x00, 0x04, 0x00, 0x00, 0x01, 0x84, 0x08,
0x84, 0x20, 0xfe, 0xcd, 0x04, 0x25, 0x10, 0xa0, 0x27, 0xdb, 0xd8, 0x26, 0xd7, 0x6c, 0x0e, 0x00,
0x08, 0xf0, 0xa6, 0x7d, 0xb6, 0xe3, 0x5e, 0xb7, 0x6c, 0xe7, 0xb6, 0xdd, 0x6c, 0xcb, 0x7b, 0xda,
0x4a, 0x80, 0x00, 0x00, 0x00, 0x00, 0x01, 0x10, 0x00, 0x00, 0x08, 0x40, 0x00, 0x06, 0xfc, 0x1b,
0x10, 0x00, 0x00, 0x60, 0x3e, 0xb7, 0xbc, 0x05, 0x9d, 0x99, 0x0b, 0x01, 0x02, 0x30, 0x9b, 0xc5,
0x6c, 0x66, 0x93, 0xcd, 0xd8, 0xcc, 0x36, 0xbb, 0xd9, 0x4c, 0x4b, 0xae, 0x03, 0x04, 0x02, 0x04,
0x40, 0x00, 0x20, 0x00, 0x81, 0x08, 0x22, 0x11, 0x49, 0x40, 0xde, 0x06, 0x81, 0x92, 0x84, 0xe0,
0x99, 0xad, 0x69, 0x0d, 0x6b, 0xf9, 0x0a, 0x20, 0x00, 0xf0, 0x99, 0xb7, 0xec, 0xb1, 0x9d, 0x6e,
0xd9, 0x63, 0x1b, 0xa6, 0xb1, 0xc7, 0x76, 0x66, 0x01, 0x00, 0x00, 0x00, 0x01, 0x04, 0x00, 0x08,
0x00, 0x00, 0x04, 0x20, 0x00, 0x11, 0xfe, 0x57, 0x04, 0x00, 0x10, 0xa0, 0x27, 0x7b, 0xd9, 0x26,
0x7b, 0x69, 0x2b, 0x00, 0x80, 0x50, 0xc7, 0x3a, 0x36, 0xb3, 0x95, 0xb3, 0x6c, 0x66, 0xab, 0xbd,
0x6c, 0xcb, 0x36, 0xd9, 0x49, 0x00, 0x20, 0x10, 0x00, 0x00, 0x04, 0x00, 0x00, 0x00, 0x90, 0x80,
0x04, 0x04, 0xbc, 0x1b, 0x10, 0x49, 0x00, 0xa0, 0x3c, 0x5b, 0xd9, 0x06, 0xcd, 0x4c, 0x27, 0x00,
0x08, 0x70, 0xa6, 0x6d, 0xd6, 0x72, 0x46, 0xdd, 0xb6, 0xd1, 0x2e, 0xdb, 0xd8, 0xac, 0x0d, 0x5f,
0x0a, 0x80, 0x00, 0x00, 0x80, 0x00, 0x01, 0x00, 0x00, 0x02, 0x02, 0x08, 0x40, 0x20, 0xfe, 0x89,
0x00, 0x00, 0x00, 0xe0, 0x93, 0xcd, 0x6c, 0x13, 0x37, 0xf6, 0x10, 0x02, 0x02, 0xb0, 0xa9, 0x85,
0xdd, 0xcc, 0x69, 0x4d, 0xda, 0x9c, 0xc9, 0x66, 0xb6, 0xb1, 0xd9, 0xb4, 0x04, 0x02, 0x00, 0x00,
0x20, 0x00, 0x00, 0x40, 0x40, 0x00, 0x48, 0x20, 0x01, 0x09, 0x6e, 0x0f, 0x82, 0x24, 0x04, 0x20,
0x4b, 0x33, 0x36, 0x19, 0xb5, 0x99, 0x16, 0x00, 0x00, 0xb0, 0x6d, 0xbe, 0x25, 0x3b, 0xbb, 0x3b,
0x6b, 0x73, 0xdb, 0x2c, 0x2b, 0x57, 0xd7, 0xa6, 0x0d, 0x00, 0x08, 0x04, 0x00, 0x00, 0x00, 0x08,
0x00, 0x00, 0x01, 0x04, 0x20, 0x00, 0xfe, 0x4f, 0x00, 0x00, 0x00, 0x60, 0x6e, 0xb7, 0xd9, 0x26,
0x6d, 0xdb, 0x36, 0x11, 0x20, 0x51, 0xd6, 0x32, 0x6d, 0xe3, 0xd6, 0xb6, 0xad, 0xdb, 0x36, 0xfb,
0xed, 0x4c, 0x35, 0x5b, 0x23, 0x81, 0x00, 0x91, 0x04, 0x12, 0x49, 0x82, 0x88, 0x48, 0x24, 0xd1,
0xa6, 0x66, 0xde, 0x9f, 0x6d, 0x92, 0x48, 0xc2, 0x31, 0xed, 0xdb, 0x1e, 0xdb, 0x06, 0x00, 0x44,
0x0a, 0x04, 0x00, 0x00, 0x00, 0xe0, 0x56, 0xf7, 0xb6, 0xce, 0xf6, 0xdb, 0x04, 0x00, 0x00, 0x00,
0x00, 0x89, 0x24, 0x20, 0x30, 0x41, 0x10, 0x90, 0x20, 0x02, 0x10, 0xf8, 0xff, 0xff, 0xff, 0xf6,
0x7f, 0x12, 0x42, 0x08, 0x00, 0x5b, 0x6e, 0x13, 0xdb, 0x04, 0x40, 0x04, 0x62, 0x00, 0x01, 0x00,
0x00, 0xb0, 0x6f, 0x4d, 0xfa, 0xb4, 0x4f, 0x6e, 0x06, 0x00, 0x00, 0x00, 0x90, 0x20, 0x92, 0x84,
0x00, 0x09, 0x12, 0x41, 0x02, 0x12, 0x41, 0xfa, 0xdf, 0xff, 0xfb, 0xff, 0xdf, 0x48, 0x10, 0x01,
0x00, 0xdb, 0xec, 0x0d, 0x6f, 0x02, 0x00, 0x11, 0x10, 0x40, 0x00, 0x04, 0x00, 0x60, 0x89, 0x7d,
0xd9, 0xb3, 0x99, 0xed, 0x80, 0x00, 0x04, 0x00, 0x40, 0x02, 0x00, 0x44, 0x42, 0x00, 0x48, 0x08,
0x40, 0x00, 0x0c, 0xf0, 0xf6, 0xbf, 0x7f, 0xfb, 0x77, 0x08, 0x44, 0x00, 0x01, 0xef, 0xb8, 0x35,
0xec, 0x21, 0x00, 0x01, 0x84, 0x10, 0x00, 0x01, 0x10, 0x60, 0x9f, 0xd3, 0x5c, 0x66, 0x37, 0x9b,
0x05, 0x00, 0x01, 0x08, 0x40, 0x88, 0x24, 0x10, 0x80, 0x04, 0x01, 0x20, 0x81, 0x09, 0x20, 0xf1,
0x6f, 0x77, 0xde, 0x7b, 0x5f, 0x82, 0x10, 0x22, 0x00, 0xad, 0x59, 0x06, 0x37, 0x01, 0x40, 0x08,
0x02, 0x02, 0x00, 0x00, 0x80, 0xe0, 0x32, 0xaf, 0xf4, 0xc5, 0x36, 0x7b, 0x21, 0x00, 0x00, 0x80,
0x10, 0x00, 0x02, 0x10, 0x21, 0x10, 0x91, 0x08, 0x04, 0x20, 0x02, 0xb8, 0xcd, 0xff, 0xff, 0xf7,
0xdb, 0x20, 0x80, 0x00, 0x00, 0xb5, 0xd9, 0x0b, 0xb7, 0x09, 0x00, 0x22, 0x48, 0x00, 0x80, 0x20,
0x04, 0xb0, 0x9b, 0xec, 0x2c, 0xe7, 0x1a, 0x67, 0x09, 0x00, 0x00, 0x00, 0x80, 0x04, 0x92, 0x44,
0x00, 0x01, 0x04, 0x40, 0x40, 0x02, 0x44, 0xf8, 0xdf, 0x7b, 0xee, 0xf5, 0x3e, 0x02, 0x24, 0x80,
0x10, 0x77, 0x6c, 0x0b, 0xed, 0x20, 0x84, 0x00, 0x08, 0x41, 0x08, 0x00, 0x10, 0x60, 0x8e, 0x5b,
0xba, 0xa9, 0x2b, 0x9d, 0x01, 0x04, 0x21, 0x08, 0x20, 0x80, 0x00, 0x00, 0x42, 0x04, 0x24, 0x10,
0x01, 0x08, 0x10, 0x71, 0xdb, 0xdf, 0xfb, 0xfb, 0xdf, 0x48, 0x10, 0x02, 0x00, 0xdb, 0xb8, 0x0c,
0x9b, 0x04, 0x00, 0x04, 0x22, 0x10, 0x00, 0x00, 0x00, 0xe0, 0x65, 0x5b, 0xf2, 0x32, 0x97, 0xed,
0x84, 0x00, 0x00, 0x00, 0x00, 0x09, 0x24, 0x88, 0x00, 0x10, 0x81, 0x08, 0x44, 0x00, 0x02, 0xf0,
0xe7, 0x3d, 0x7f, 0xdb, 0x4f, 0x00, 0x80, 0x20, 0x04, 0xcd, 0xda, 0x33, 0x1a, 0x07, 0x40, 0x00,
0x02, 0x00, 0x00, 0x08, 0x00, 0x90, 0x65, 0x26, 0x4f, 0xd2, 0xd4, 0x26, 0x06, 0x00, 0x00, 0x00,
0x10, 0x80, 0x00, 0x24, 0x20, 0x01, 0x10, 0x48, 0x40, 0x12, 0x48, 0xb8, 0xbd, 0xef, 0xdd, 0x7e,
0x7b, 0x12, 0x24, 0x00, 0x00, 0x2d, 0x66, 0x12, 0x67, 0x81, 0x00, 0x49, 0x10, 0x04, 0x80, 0x00,
0x04, 0x70, 0x9e, 0xed, 0x6c, 0xef, 0x6d, 0xb6, 0x05, 0x40, 0x00, 0x02, 0x40, 0x82, 0x08, 0x01,
0x08, 0x44, 0x02, 0x02, 0x11, 0x40, 0x00, 0xf8, 0xff, 0xfe, 0xff, 0xef, 0x7f, 0x00, 0x01, 0x08,
0x00, 0xbb, 0xbd, 0x0d, 0xfd, 0x05, 0x42, 0x92, 0x65, 0x91, 0x04, 0x22, 0x90, 0x64, 0x53, 0x99,
0x99, 0x29, 0x33, 0xd9, 0x64, 0x4a, 0x36, 0xb2, 0x95, 0x2c, 0x33, 0xd9, 0x62, 0x12, 0x69, 0x32,
0xc5, 0x4c, 0xb7, 0xd9, 0xf6, 0xf7, 0xfe, 0xfd, 0x7d, 0x49, 0x4c, 0x22, 0x21, 0xdb, 0xd9, 0x2d,
0x97, 0x47, 0xc0, 0xbf, 0xfe, 0x87, 0x24, 0x88, 0x40, 0x00, 0x00, 0x00, 0x00, 0x00, 0x00, 0x00,
0xf8, 0xbf, 0xdf, 0xfd, 0xf6, 0xbb, 0xdf, 0xde, 0xee, 0xff, 0xbf, 0xfd, 0xbd, 0xbf, 0xff, 0xff,
0xdf, 0xbf, 0xdf, 0xff, 0x6f, 0x08, 0x40, 0x00, 0x08, 0x77, 0x6e, 0x1b, 0x7b, 0x00, 0xc0, 0xcc,
0x9a, 0x24, 0x80, 0x04, 0x26, 0x01, 0x00, 0x00, 0x00, 0x00, 0x00, 0x00, 0xc8, 0xa4, 0x49, 0x4d,
0x32, 0xa3, 0xcc, 0xb4, 0xa9, 0x05, 0xb3, 0xcc, 0x92, 0x89, 0xfe, 0x76, 0x7b, 0xfb, 0xfd, 0xb6,
0x7f, 0x22, 0x12, 0x09, 0x02, 0x6d, 0x6b, 0x13, 0xed, 0x06, 0xc0, 0x33, 0xb6, 0x89, 0x08, 0x12,
0x20, 0x00, 0x00, 0x04, 0x40, 0x00, 0x00, 0x08, 0xd8, 0x66, 0x2f, 0xdb, 0xd9, 0xce, 0x36, 0x6d,
0xb3, 0x4d, 0xcd, 0xb2, 0x66, 0x37, 0xef, 0xfd, 0xe7, 0x6f, 0xff, 0xff, 0xdb, 0x04, 0x20, 0x80,
0x00, 0xad, 0xd8, 0x26, 0xad, 0x20, 0x41, 0x1b, 0x6b, 0x41, 0x82, 0x40, 0x08, 0x42, 0x00, 0x00,
0x10, 0x80, 0x08, 0x02, 0x30, 0x4b, 0x39, 0xba, 0xf1, 0x8c, 0x33, 0x6d, 0x66, 0x9a, 0x5d, 0xba,
0x65, 0x33, 0xbb, 0xed, 0xde, 0x7e, 0x6f, 0xdb, 0x5f, 0x90, 0x84, 0x00, 0x00, 0xb7, 0xb9, 0x0d,
0xb7, 0x01, 0x40, 0x5b, 0x6a, 0x13, 0x00, 0x01, 0x88, 0x00, 0x04, 0x02, 0x00, 0x00, 0x00, 0x00,
0x78, 0xcb, 0xd3, 0x26, 0x93, 0x95, 0xed, 0x94, 0xe5, 0x36, 0xf3, 0x68, 0xcd, 0x6c, 0xfe, 0xfb,
0xdf, 0xdf, 0xfc, 0xf3, 0x7d, 0x02, 0x10, 0x02, 0x00, 0xdb, 0x6c, 0x0d, 0xdb, 0x01, 0xc0, 0x6c,
0x9e, 0x82, 0x04, 0x24, 0x20, 0x20, 0x00, 0x40, 0x00, 0x02, 0x00, 0x40, 0xc8, 0x8c, 0x5e, 0xdc,
0x72, 0x93, 0xcd, 0xdc, 0xa1, 0x15, 0x8f, 0x59, 0xc3, 0x0d, 0xdf, 0xba, 0x6d, 0x77, 0xff, 0xff,
0xaf, 0x48, 0x10, 0x20, 0x08, 0x6d, 0xd9, 0x03, 0x5b, 0x24, 0xc0, 0x33, 0xb6, 0x48, 0x80, 0x00,
0x04, 0x01, 0x00, 0x00, 0x10, 0x80, 0x00, 0x04, 0x98, 0xe3, 0x6c, 0x76, 0x72, 0x8e, 0x36, 0x34,
0xb3, 0x4d, 0x39, 0xdc, 0x66, 0x3b, 0xff, 0xed, 0xef, 0x7d, 0x6f, 0x7b, 0x5f, 0x00, 0x44, 0x84,
0x00, 0x6d, 0xd9, 0x26, 0xed, 0x04, 0x42, 0x96, 0xb2, 0x09, 0x09, 0x12, 0x44, 0x10, 0x00, 0x02,
0x00, 0x00, 0x08, 0x01, 0x70, 0x23, 0x33, 0x92, 0xc9, 0xa9, 0x5a, 0xb6, 0x32, 0x4b, 0xe7, 0xa4,
0x24, 0x93, 0xb6, 0xfd, 0xe6, 0xdf, 0xfe, 0xd9, 0x77, 0x12, 0x00, 0x01, 0x00, 0xdb, 0x6c, 0x26,
0x2d, 0x03, 0xc0, 0x8d, 0x4e, 0x26, 0x80, 0x00, 0x11, 0x00, 0x00, 0x00, 0x00, 0x00, 0x00, 0x00,
0xc8, 0xcc, 0x8d, 0x6d, 0x9c, 0xa1, 0x4b, 0xcd, 0xcc, 0x92, 0x0d, 0xbb, 0xd9, 0xcc, 0xbe, 0xf6,
0xbb, 0x9b, 0xdb, 0xff, 0x6d, 0x00, 0x08, 0x00, 0x00, 0x13, 0xb6, 0x19, 0x33, 0x03, 0x40, 0x69,
0x5b, 0x06, 0x22, 0x24, 0x00, 0x04, 0x81, 0x00, 0x04, 0x20, 0x00, 0x00, 0xb8, 0x74, 0x66, 0x6d,
0x33, 0x6f, 0xa6, 0x6d, 0xe9, 0xb6, 0x79, 0x4a, 0xd3, 0x26, 0xfb, 0xdf, 0xff, 0xfe, 0x7f, 0xef,
0x7f, 0x04, 0x21, 0x10, 0x00, 0xff, 0x99, 0x19, 0xd6, 0x24, 0xc9, 0x7b, 0xfb, 0xdd, 0xcc, 0xa4,
0x4c, 0x11, 0x24, 0x92, 0x90, 0xc4, 0x66, 0xb6, 0xa9, 0xd7, 0x7b, 0xb7, 0xef, 0xdd, 0xbd, 0xbb,
0x6f, 0x6f, 0xef, 0x7f, 0xb6, 0x7b, 0x6f, 0x7b, 0xe7, 0x77, 0xff, 0xff, 0xde, 0x7d, 0xa5, 0x44,
0x12, 0xcd, 0x6e, 0x27, 0x00, 0x20, 0x40, 0x96, 0xfe, 0xf7, 0x9b, 0xbf, 0x41, 0xc0, 0x00, 0x10,
0x42, 0xd0, 0xde, 0xbd, 0x77, 0xdb, 0xff, 0xff, 0xff, 0xff, 0xff, 0xff, 0xff, 0xff, 0xff, 0xe7,
0x6d, 0xce, 0x6c, 0x32, 0x19, 0x4d, 0xf6, 0xf6, 0xf7, 0xff, 0x03, 0x00, 0x00, 0xbb, 0x7a, 0x1f,
0x00, 0x88, 0xc4, 0x9d, 0xfe, 0x96, 0xb3, 0x59, 0x11, 0x22, 0x92, 0x44, 0x08, 0x21, 0x9b, 0x6d,
0x54, 0xc9, 0xff, 0xff, 0xff, 0xff, 0xff, 0xff, 0xff, 0xff, 0xff, 0xaf, 0xc9, 0x2d, 0xdb, 0xd6,
0xdb, 0x9d, 0xbd, 0xbb, 0xff, 0xdf, 0x52, 0x02, 0x04, 0xbb, 0xd9, 0x18, 0x00, 0x40, 0xc0, 0x6d,
0xdf, 0xdf, 0xcc, 0x56, 0x92, 0x00, 0x00, 0x04, 0x20, 0xe0, 0x29, 0xcb, 0xec, 0xe6, 0xff, 0xff,
0xff, 0xff, 0xff, 0xff, 0xff, 0xff, 0xff, 0x6f, 0x66, 0x33, 0x9b, 0xd9, 0x46, 0x33, 0xff, 0xed,
0xdb, 0xf7, 0x03, 0x20, 0x01, 0x67, 0xb6, 0x23, 0x04, 0x10, 0x41, 0x33, 0xff, 0x79, 0x8b, 0x36,
0x02, 0x90, 0x04, 0x91, 0x90, 0xc4, 0x2e, 0xde, 0xa8, 0xc6, 0xff, 0xff, 0xff, 0xff, 0xff, 0xff,
0xff, 0xff, 0xff, 0xdb, 0xd3, 0x96, 0x6c, 0x69, 0x4d, 0x5b, 0xee, 0xfb, 0xdf, 0x7e, 0x93, 0x04,
0x00, 0xdd, 0xb8, 0x27, 0x00, 0x20, 0xc4, 0x16, 0xee, 0x33, 0x9b, 0xed, 0x48, 0x42, 0x10, 0x02,
0x04, 0xc0, 0x9a, 0x35, 0xbb, 0xcd, 0xff, 0xff, 0xff, 0xff, 0xff, 0xff, 0xff, 0xff, 0xff, 0x37,
0xcd, 0x5c, 0x36, 0x69, 0xc9, 0x76, 0xbc, 0xf3, 0xbe, 0xff, 0x06, 0x80, 0x00, 0xdb, 0x69, 0x0e,
0x40, 0x88, 0xc0, 0x76, 0x7e, 0xcf, 0xc6, 0x4d, 0x00, 0x00, 0x01, 0x22, 0x20, 0xa1, 0x39, 0xe5,
0xb0, 0xc9, 0xff, 0xff, 0xff, 0xff, 0xff, 0xff, 0xff, 0xff, 0xff, 0xb7, 0xa5, 0x33, 0xdb, 0x99,
0x8b, 0x25, 0xff, 0xf6, 0xaf, 0xf7, 0x22, 0x01, 0x00, 0x9b, 0xd9, 0x09, 0x04, 0x00, 0x42, 0x19,
0xff, 0xf9, 0x8c, 0x59, 0x92, 0x20, 0x84, 0x08, 0x08, 0x24, 0x27, 0xcf, 0xcc, 0xe6, 0xff, 0xff,
0xff, 0xff, 0xff, 0xff, 0xff, 0xff, 0xff, 0xcf, 0x26, 0x27, 0xcd, 0xf0, 0x66, 0x6d, 0xf6, 0x7b,
0xdf, 0xbf, 0x03, 0x04, 0x08, 0x75, 0xdc, 0x26, 0x00, 0x10, 0x40, 0x27, 0xdf, 0x8d, 0xa3, 0x36,
0x01, 0x80, 0x00, 0x40, 0x40, 0xc0, 0x96, 0x38, 0x59, 0xe6, 0xff, 0xff, 0xff, 0xff, 0xff, 0xff,
0xff, 0xff, 0xff, 0x6f, 0x62, 0x8d, 0x34, 0x4d, 0xc6, 0x0e, 0xde, 0xf9, 0xdb, 0x7b, 0x92, 0x80,
0x00, 0x77, 0xb2, 0x26, 0x00, 0x40, 0xc0, 0xa6, 0x76, 0x77, 0xb2, 0x26, 0x25, 0x08, 0x02, 0x11,
0x04, 0x61, 0xc9, 0x36, 0x73, 0xc9, 0xff, 0xff, 0xff, 0xff, 0xff, 0xff, 0xff, 0xff, 0xff, 0xb3,
0xd9, 0xcc, 0x36, 0x6d, 0xb1, 0x92, 0x7d, 0xde, 0xfb, 0xdf, 0x03, 0x20, 0x00, 0x89, 0xae, 0x19,
0x00, 0x08, 0xc9, 0xdc, 0xfe, 0xb7, 0xcd, 0xd9, 0x80, 0x20, 0x10, 0x04, 0x10, 0x60, 0x5b, 0x67,
0x96, 0xd9, 0xff, 0xff, 0xff, 0xff, 0xff, 0xff, 0xff, 0xff, 0xff, 0x9f, 0xd5, 0x32, 0xcb, 0xb2,
0xad, 0xfd, 0xee, 0xff, 0x7e, 0xf7, 0x23, 0x00, 0x00, 0xbf, 0x39, 0x13, 0x12, 0x22, 0xc1, 0xd5,
0xbe, 0xdf, 0x3d, 0xd7, 0x5b, 0xb3, 0xd5, 0xb2, 0xdb, 0xc6, 0x36, 0xfb, 0xfd, 0xff, 0xff, 0xff,
0xff, 0xff, 0xff, 0xff, 0xff, 0xff, 0xff, 0xef, 0xde, 0xff, 0xff, 0xde, 0x7e, 0x23, 0xbb, 0xf5,
0xef, 0xff, 0x26, 0x13, 0x02, 0x73, 0xdb, 0x3e, 0x00, 0x20, 0x44, 0x37, 0xff, 0xfd, 0xff, 0x36,
0x7d, 0x6f, 0x6f, 0xdf, 0xe6, 0xbd, 0xed, 0xff, 0xff, 0xff, 0xff, 0xff, 0xff, 0xff, 0xff, 0xff,
0xff, 0xff, 0xff, 0xff, 0xff, 0xff, 0xff, 0xff, 0x7f, 0xdf, 0x6c, 0x75, 0xbf, 0xbb, 0x03, 0x00,
0x00, 0xcf, 0xf6, 0x0d, 0x20, 0x88, 0xc0, 0x2e, 0xdf, 0xf7, 0xb7, 0x6d, 0xe4, 0xc8, 0x29, 0x6d,
0x3c, 0x29, 0x4b, 0xff, 0xff, 0xff, 0xff, 0xff, 0xff, 0xff, 0xff, 0xff, 0xff, 0xff, 0xff, 0xff,
0xff, 0xff, 0xff, 0xff, 0x7f, 0x9d, 0x6d, 0xed, 0xfb, 0xfe, 0x93, 0x20, 0x04, 0xbd, 0x2c, 0x33,
0x08, 0x40, 0xc2, 0xaa, 0xfe, 0x7e, 0x6f, 0x4b, 0x9f, 0xb3, 0x96, 0x2d, 0xd9, 0xe6, 0x16, 0xff,
0xff, 0xff, 0xff, 0xff, 0xff, 0xff, 0xff, 0xff, 0xff, 0xff, 0xff, 0xff, 0xff, 0xff, 0xff, 0xff,
0x7f, 0x33, 0xb6, 0xf1, 0xce, 0x6f, 0x22, 0x02, 0x01, 0xed, 0xf8, 0x06, 0x00, 0x10, 0xc0, 0x99,
0xee, 0xf9, 0x6f, 0x3b, 0x6c, 0xe6, 0x96, 0xb3, 0xb4, 0xc5, 0x36, 0xff, 0xff, 0xff, 0xff, 0xff,
0xff, 0xff, 0xff, 0xff, 0xff, 0xff, 0xff, 0xff, 0xff, 0xff, 0xff, 0xff, 0x7f, 0x6b, 0x9a, 0xf2,
0xdf, 0xff, 0x06, 0x00, 0x00, 0x5b, 0xdb, 0x26, 0x04, 0x20, 0x49, 0x77, 0xfe, 0xf7, 0x9d, 0xed,
0x6c, 0x31, 0x1b, 0xee, 0x34, 0xd3, 0x2c, 0xff, 0xff, 0xff, 0xff, 0xff, 0xff, 0xff, 0xff, 0xff,
0xff, 0xff, 0xff, 0xff, 0xff, 0xff, 0xff, 0xff, 0x7f, 0x6d, 0xda, 0x72, 0x9b, 0xdb, 0x94, 0x84,
0x00, 0xdb, 0x98, 0x0d, 0x00, 0x08, 0xc0, 0x64, 0xfe, 0x7b, 0xdf, 0x26, 0x9a, 0xd3, 0xaa, 0x4d,
0xd9, 0xa6, 0x2d, 0xff, 0xff, 0xff, 0xff, 0xff, 0xff, 0xff, 0xff, 0xff, 0xf7, 0xff, 0xff, 0xff,
0xff, 0xff, 0xff, 0xff, 0x7f, 0x95, 0x6c, 0xf3, 0xbf, 0xff, 0x01, 0x00, 0x00, 0xe7, 0x78, 0x0d,
0x01, 0x40, 0xc2, 0x2d, 0x6f, 0xfb, 0x6f, 0x5b, 0xb2, 0xd2, 0x8e, 0x39, 0xda, 0xa4, 0x33, 0xff,
0xff, 0xff, 0xff, 0xff, 0xfb, 0xff, 0xff, 0xff, 0xff, 0xbf, 0xff, 0xff, 0xff, 0xff, 0xff, 0xff,
0x7f, 0x37, 0x2d, 0xd9, 0xd6, 0xbd, 0x23, 0x01, 0x10, 0x9d, 0x69, 0x23, 0x40, 0x10, 0x40, 0x1b,
0xfb, 0xdd, 0xbb, 0x59, 0xed, 0x28, 0x49, 0xe6, 0x2c, 0x33, 0x8e, 0xff, 0xff, 0xff, 0xff, 0xff,
0xff, 0xff, 0xff, 0xff, 0xff, 0xff, 0xff, 0xff, 0xff, 0xff, 0xff, 0xff, 0x7f, 0x19, 0xb3, 0xf1,
0xcf, 0x77, 0x06, 0x20, 0x00, 0x3d, 0xae, 0x33, 0x00, 0x80, 0x40, 0xd2, 0xbe, 0xfd, 0xb6, 0x26,
0x4d, 0xee, 0x69, 0x17, 0xe5, 0xd8, 0xc9, 0xfe, 0xff, 0xff, 0xff, 0xff, 0xff, 0xff, 0xff, 0xff,
0xff, 0xff, 0xff, 0xff, 0xff, 0xff, 0xff, 0xff, 0x7f, 0xcb, 0xd6, 0x6c, 0xfb, 0xde, 0x91, 0x00,
0x00, 0x63, 0xba, 0x14, 0x00, 0x08, 0xd2, 0xcd, 0xfe, 0xf7, 0xff, 0xb6, 0xb5, 0x99, 0xb6, 0xd9,
0x9d, 0xcb, 0x36, 0xff, 0xff, 0xff, 0xff, 0xff, 0xff, 0xff, 0xff, 0xff, 0xff, 0xff, 0xff, 0xff,
0xff, 0xff, 0xff, 0xff, 0x7f, 0xb6, 0x5c, 0xf6, 0xff, 0xbf, 0x03, 0x04, 0x00, 0xcf, 0xcb, 0x16,
0x24, 0x32, 0xc4, 0x3d, 0xdf, 0xff, 0xef, 0xdd, 0xbe, 0xf7, 0x96, 0x6d, 0xfb, 0xff, 0xfe, 0xff,
0xff, 0xff, 0xff, 0xff, 0xff, 0xff, 0xff, 0xff, 0xff, 0xff, 0xff, 0xff, 0xff, 0xff, 0xff, 0xff,
0xff, 0xff, 0xef, 0xdf, 0x66, 0xf7, 0x4b, 0x90, 0x24, 0xbd, 0x79, 0x3b, 0x00, 0x80, 0x41, 0x66,
0xff, 0xbe, 0xbb, 0xff, 0xef, 0x2f, 0x5b, 0x37, 0xfb, 0xff, 0xff, 0xff, 0xff, 0xff, 0xff, 0xff,
0xff, 0xff, 0xff, 0xf7, 0xe6, 0xdb, 0xff, 0xff, 0xff, 0xff, 0xff, 0xff, 0xff, 0xff, 0xff, 0xdf,
0x9a, 0xdf, 0x43, 0x02, 0x00, 0xb3, 0x6e, 0x2b, 0x10, 0x08, 0xc0, 0x9b, 0xfe, 0xfb, 0xff, 0xbf,
0xfd, 0xba, 0x4d, 0xb6, 0xfc, 0xff, 0xff, 0xff, 0xff, 0xff, 0xff, 0xff, 0xff, 0xff, 0xff, 0xdf,
0x7b, 0xdf, 0xff, 0xff, 0xff, 0xff, 0xff, 0xff, 0xff, 0xff, 0xff, 0x9f, 0xcb, 0x7b, 0x86, 0x20,
0x01, 0xdf, 0xda, 0x26, 0x00, 0x20, 0x42, 0x9b, 0x6e, 0xef, 0xcd, 0xef, 0xf7, 0xdb, 0xa6, 0xed,
0xfc, 0xff, 0xff, 0xff, 0xff, 0xff, 0xff, 0xff, 0xff, 0xff, 0xff, 0x7b, 0xfb, 0x3d, 0xff, 0xff,
0xff, 0xff, 0xff, 0xff, 0xff, 0xff, 0xff, 0x7f, 0x4d, 0xff, 0x31, 0x00, 0x00, 0x6d, 0xd8, 0x16,
0x00, 0x20, 0xc8, 0x6c, 0xfe, 0xfd, 0xbf, 0x7b, 0xbe, 0x67, 0x9b, 0x4d, 0xfe, 0xff, 0xff, 0xff,
0xff, 0xff, 0xff, 0xff, 0xff, 0xff, 0xff, 0xff, 0xe7, 0xb7, 0xff, 0xff, 0xff, 0xff, 0xff, 0xff,
0xff, 0xff, 0xff, 0xcf, 0x95, 0xb7, 0x01, 0x01, 0x08, 0xed, 0xb9, 0x05, 0x81, 0x88, 0xc0, 0x65,
0xfe, 0x73, 0xdf, 0xff, 0xfe, 0xb6, 0x19, 0x73, 0xfc, 0xff, 0xff, 0xff, 0xff, 0xff, 0xff, 0xff,
0xff, 0xff, 0xff, 0xdf, 0x7d, 0xbf, 0xff, 0xff, 0xff, 0xff, 0xff, 0xff, 0xff, 0xff, 0xff, 0xbf,
0x96, 0xff, 0x06, 0x84, 0x00, 0x9b, 0x69, 0x0d, 0x04, 0x20, 0x42, 0x37, 0xef, 0xfe, 0xd7, 0xff,
0xee, 0xdb, 0x96, 0x9e, 0xfd, 0xff, 0xff, 0xff, 0xff, 0xff, 0xff, 0xff, 0xff, 0xff, 0xff, 0x7d,
0xe7, 0x6d, 0xff, 0xff, 0xff, 0xff, 0xff, 0xff, 0xff, 0xff, 0xff, 0x6f, 0x9a, 0xed, 0x92, 0x00,
0x00, 0x3b, 0xd9, 0x0d, 0x00, 0x00, 0x40, 0x19, 0xbe, 0xfb, 0xbe, 0xdb, 0xbd, 0x6b, 0x96, 0xe6,
0xfc, 0xff, 0xff, 0xff, 0xff, 0xff, 0xff, 0xff, 0xff, 0xff, 0xff, 0xf7, 0xf3, 0xdf, 0xff, 0xff,
0xff, 0xff, 0xff, 0xff, 0xff, 0xff, 0xff, 0xdf, 0x8b, 0xbf, 0x12, 0x02, 0x00, 0xe7, 0xdc, 0x22,
0x20, 0x48, 0xc4, 0xce, 0xfe, 0xdd, 0xeb, 0x3f, 0xf7, 0xad, 0x4d, 0x39, 0xfc, 0xff, 0xff, 0xff,
0xff, 0xff, 0xff, 0xff, 0xff, 0xff, 0xff, 0xdf, 0xbe, 0x9b, 0xff, 0xff, 0xff, 0xff, 0xff, 0xff,
0xff, 0xff, 0xff, 0x9f, 0xcc, 0x7e, 0x43, 0x40, 0x00, 0xdd, 0x38, 0x33, 0x00, 0x00, 0xc1, 0x92,
0x77, 0xf7, 0xef, 0xed, 0xdf, 0x9e, 0x61, 0x8b, 0xff, 0xff, 0xff, 0xff, 0xff, 0xff, 0xff, 0xff,
0xff, 0xff, 0xff, 0xff, 0xee, 0xf6, 0xff, 0xff, 0xff, 0xff, 0xff, 0xff, 0xff, 0xff, 0xff, 0x6f,
0xb3, 0xdb, 0x03, 0x10, 0x00, 0x19, 0x6b, 0x0d, 0x00, 0x08, 0x50, 0x5b, 0xfe, 0xff, 0xbe, 0xff,
0xfd, 0x76, 0x9e, 0xbb, 0xfc, 0xff, 0xff, 0xff, 0xff, 0xff, 0xff, 0xff, 0xff, 0xff, 0xff, 0xbb,
0xfb, 0x7f, 0xff, 0xff, 0xff, 0xff, 0xff, 0xff, 0xff, 0xff, 0xff, 0x3f, 0xb3, 0xbf, 0x93, 0x04,
0x00, 0x67, 0xdb, 0x2c, 0x24, 0x68, 0xc2, 0xed, 0xbe, 0xfb, 0xff, 0x7f, 0xb7, 0xf7, 0xdb, 0xfe,
0x93, 0x84, 0x04, 0x92, 0xf8, 0xff, 0xff, 0xff, 0xff, 0xff, 0xff, 0xef, 0x7f, 0xef, 0xff, 0xff,
0xff, 0xff, 0xff, 0x4f, 0x42, 0x12, 0x92, 0xf4, 0xdf, 0xf6, 0x12, 0x21, 0x4d, 0x24, 0xd8, 0x3b,
0x00, 0x00, 0x49, 0xa7, 0xff, 0xbf, 0xf7, 0xf6, 0x6d, 0x89, 0xe5, 0xff, 0x03, 0x00, 0x00, 0x00,
0xf8, 0xff, 0xff, 0xff, 0xff, 0xff, 0xde, 0xfe, 0xf7, 0xbf, 0xbf, 0xfd, 0xff, 0xff, 0xff, 0x07,
0x00, 0x00, 0x00, 0xf0, 0xff, 0x96, 0x42, 0x08, 0x00, 0x00, 0x38, 0x0b, 0x10, 0x90, 0x40, 0x1b,
0xef, 0xf6, 0x9f, 0x9f, 0x6d, 0x79, 0x37, 0xff, 0x07, 0x00, 0x00, 0x00, 0xf8, 0xff, 0xff, 0xff,
0xff, 0xff, 0xf7, 0xfe, 0xbd, 0xf7, 0xfd, 0xfe, 0xff, 0xff, 0xff, 0x0f, 0x00, 0x00, 0x00, 0xf0,
0xff, 0x3d, 0x09, 0x42, 0x12, 0x08, 0xe8, 0x36, 0x00, 0x20, 0xc2, 0x5a, 0xfe, 0xfd, 0xed, 0x7f,
0xb3, 0x63, 0x99, 0xff, 0x03, 0x00, 0x01, 0x08, 0xf8, 0xff, 0xff, 0xff, 0xff, 0x7f, 0xbf, 0x7d,
0xef, 0xdf, 0xf7, 0xfe, 0xff, 0xff, 0xff, 0x0f, 0x00, 0x02, 0x10, 0xf0, 0x7f, 0x63, 0x24, 0x80,
0x00, 0x81, 0xd8, 0x06, 0x04, 0x08, 0xc0, 0x36, 0x7e, 0xfb, 0xbf, 0xfb, 0x9e, 0xb2, 0x8d, 0xff,
0x43, 0x40, 0x10, 0x00, 0xf8, 0xff, 0xff, 0xff, 0xff, 0xff, 0xfb, 0xde, 0xfb, 0x3d, 0xdf, 0xf9,
0xff, 0xff, 0xff, 0x87, 0x00, 0x00, 0x00, 0xf0, 0xff, 0xee, 0x84, 0x20, 0x04, 0x00, 0xd8, 0x09,
0x01, 0x21, 0x49, 0x33, 0xff, 0xbb, 0xb7, 0xef, 0xec, 0x66, 0xb6, 0xff, 0x13, 0x00, 0x00, 0x01,
0xf8, 0xff, 0xff, 0xff, 0xff, 0xff, 0xde, 0xfe, 0xe7, 0xbf, 0x7f, 0xff, 0xff, 0xff, 0xff, 0x07,
0x80, 0x10, 0x84, 0xf0, 0xff, 0x9a, 0x10, 0x82, 0x10, 0x00, 0x38, 0x0f, 0x00, 0x20, 0x40, 0x6b,
0xde, 0xfb, 0xdd, 0xbf, 0x69, 0xe1, 0x93, 0xff, 0x07, 0x02, 0x00, 0x84, 0xf8, 0xff, 0xff, 0xff,
0xff, 0xff, 0xff, 0xfc, 0xf6, 0xee, 0xfb, 0xfc, 0xff, 0xff, 0xff, 0x0f, 0x04, 0x00, 0x00, 0xf0,
0xff, 0xb6, 0x44, 0x80, 0x00, 0x04, 0xe8, 0x26, 0x00, 0x88, 0xc4, 0x0e, 0xfe, 0xfd, 0xcf, 0x7d,
0x4f, 0x33, 0x8d, 0xff, 0x03, 0x80, 0x00, 0x00, 0xf8, 0xff, 0xff, 0xff, 0xff, 0xbf, 0xbb, 0xef,
0xf7, 0x9f, 0xef, 0xfd, 0xff, 0xff, 0xff, 0x0f, 0x00, 0x04, 0x08, 0xf0, 0xff, 0xb4, 0x04, 0x20,
0x02, 0x41, 0xd8, 0x24, 0x20, 0x00, 0xc0, 0x9c, 0xef, 0xb4, 0xef, 0x77, 0xf5, 0xc8, 0xcc, 0xff,
0x03, 0x00, 0x08, 0x00, 0xf8, 0xff, 0xff, 0xff, 0xff, 0xff, 0x6e, 0x7e, 0x7b, 0xf7, 0x3e, 0xff,
0xff, 0xff, 0xff, 0x07, 0x01, 0x00, 0x00, 0xf0, 0x7f, 0x67, 0x22, 0x01, 0x08, 0x00, 0x58, 0x13,
0x00, 0x10, 0x41, 0x63, 0xbe, 0xff, 0xf9, 0x9e, 0x95, 0x6c, 0x33, 0xff, 0x07, 0x00, 0x00, 0x00,
0xf8, 0xff, 0xff, 0xff, 0xff, 0xff, 0xdf, 0xf7, 0xed, 0xef, 0xdb, 0xfb, 0xff, 0xff, 0xff, 0x07,
0x00, 0x01, 0x00, 0xf0, 0xff, 0x0c, 0x03, 0x10, 0x01, 0x00, 0x68, 0x19, 0x04, 0x40, 0x50, 0xdb,
0xfe, 0x7f, 0xbf, 0xff, 0x37, 0x3b, 0xb3, 0xff, 0x03, 0x20, 0x00, 0x01, 0xf8, 0xff, 0xff, 0xff,
0xff, 0xff, 0xfd, 0xfd, 0xff, 0x7b, 0xff, 0xfe, 0xff, 0xff, 0xff, 0x0f, 0x40, 0x00, 0x02, 0xf0,
0xff, 0xb9, 0x49, 0x42, 0x90, 0x00, 0xb8, 0x2d, 0x80, 0x48, 0xc2, 0x96, 0xff, 0xf7, 0xff, 0x65,
0xfb, 0xe9, 0xff, 0xff, 0x23, 0x09, 0x21, 0x24, 0xf9, 0xff, 0xff, 0x49, 0x48, 0x12, 0x21, 0x0c,
0x42, 0x14, 0x21, 0x92, 0xe4, 0xff, 0xff, 0x8f, 0x10, 0x48, 0x90, 0xf0, 0x7f, 0xb7, 0xb6, 0x8d,
0x04, 0x92, 0xd8, 0x36, 0x10, 0x08, 0xc8, 0x36, 0xf7, 0xde, 0x37, 0x5d, 0xca, 0xf6, 0xff, 0xff,
0x07, 0x00, 0x00, 0x00, 0xf8, 0xff, 0xff, 0x01, 0x00, 0x00, 0x02, 0x80, 0x00, 0x04, 0x00, 0x00,
0xc0, 0xff, 0xff, 0x07, 0x00, 0x00, 0x00, 0xf0, 0xff, 0xb6, 0xb6, 0x1d, 0x24, 0x00, 0xd8, 0x16,
0x00, 0xa0, 0xc1, 0x6d, 0xfe, 0xfd, 0xed, 0x9b, 0x3d, 0xf3, 0xff, 0xff, 0x43, 0x00, 0x02, 0x10,
0xf8, 0xff, 0xff, 0x31, 0x91, 0x89, 0x4c, 0x92, 0x30, 0x41, 0x96, 0x48, 0xe1, 0xff, 0xff, 0x0f,
0x01, 0x02, 0x20, 0xf0, 0xff, 0x4e, 0x6c, 0x11, 0x01, 0x21, 0xb8, 0x19, 0x04, 0x00, 0x40, 0x4b,
0xbe, 0xf5, 0xaf, 0x66, 0xb4, 0xf9, 0xff, 0xff, 0x03, 0x00, 0x00, 0x00, 0xf8, 0xff, 0xff, 0x09,
0x40, 0x00, 0x00, 0x10, 0x82, 0x08, 0x01, 0x48, 0xc4, 0xff, 0xff, 0x0f, 0x00, 0x00, 0x08, 0xf0,
0xff, 0x5a, 0xd9, 0x23, 0x09, 0x08, 0x68, 0x27, 0x40, 0x48, 0xc2, 0x5a, 0xff, 0x77, 0xbb, 0x5d,
0xb6, 0xf2, 0xff, 0xff, 0x07, 0x40, 0x10, 0x04, 0xf8, 0xff, 0xff, 0x41, 0x22, 0x92, 0x92, 0x44,
0x80, 0x00, 0x48, 0x10, 0xc0, 0xff, 0xff, 0x07, 0x00, 0x21, 0x00, 0xf0, 0xff, 0xb6, 0x9c, 0x86,
0x00, 0x00, 0xd8, 0x0c, 0x00, 0x20, 0xc8, 0x36, 0xee, 0xfb, 0x9f, 0xd9, 0xcc, 0xe6, 0xff, 0xff,
0x03, 0x00, 0x00, 0x40, 0xf8, 0xff, 0xff, 0x09, 0x21, 0x00, 0x02, 0x10, 0x21, 0x12, 0x42, 0x90,
0xe8, 0xff, 0xff, 0x07, 0x00, 0x00, 0x00, 0xf2, 0x7f, 0xb3, 0x74, 0x86, 0x24, 0x04, 0xd8, 0x0b,
0x01, 0x20, 0x41, 0x2d, 0xbe, 0xbb, 0xd7, 0x66, 0x6c, 0xf1, 0xff, 0xff, 0x03, 0x82, 0x00, 0x00,
0xf8, 0xff, 0xff, 0x09, 0x10, 0x05, 0x28, 0x04, 0x84, 0x10, 0x11, 0x04, 0xc2, 0xff, 0xff, 0x4f,
0x04, 0x00, 0x08, 0xe0, 0x7f, 0xdb, 0x74, 0x33, 0x00, 0x00, 0x38, 0x0b, 0x10, 0x08, 0x40, 0x2b,
0xff, 0xf6, 0x6e, 0x37, 0x3d, 0xf3, 0xff, 0xff, 0x23, 0x00, 0x00, 0x04, 0xf8, 0xff, 0xff, 0x61,
0x40, 0x80, 0x81, 0x90, 0x00, 0x04, 0x91, 0x20, 0xc1, 0xff, 0xff, 0x07, 0x00, 0x01, 0x80, 0xf0,
0xff, 0x56, 0x96, 0x01, 0x09, 0x01, 0xe8, 0x24, 0x00, 0x40, 0xc2, 0x9a, 0xef, 0xfd, 0x6b, 0x19,
0xd1, 0xf8, 0xff, 0xff, 0x03, 0x00, 0x00, 0x01, 0xf8, 0xff, 0xff, 0x01, 0x10, 0x02, 0x04, 0x10,
0x60, 0x00, 0x04, 0x08, 0xe0, 0xff, 0xff, 0x07, 0x00, 0x10, 0x02, 0xf0, 0xff, 0x34, 0xb6, 0x19,
0x00, 0x00, 0x68, 0x33, 0x00, 0x10, 0xc0, 0xc6, 0xbe, 0xdd, 0xbd, 0x4d, 0xd7, 0xec, 0xff, 0xff,
0x07, 0x00, 0x04, 0x00, 0xf8, 0xff, 0xff, 0x09, 0x84, 0x20, 0x20, 0x44, 0x08, 0x41, 0x00, 0x42,
0xe0, 0xff, 0xff, 0x0f, 0x40, 0x00, 0x00, 0xf0, 0xff, 0x8d, 0x6d, 0x9a, 0x00, 0x00, 0x58, 0x19,
0x00, 0x88, 0x50, 0x6d, 0xf6, 0x77, 0xbf, 0x75, 0x2e, 0xf3, 0xff, 0xff, 0x03, 0x20, 0x00, 0x00,
0xf8, 0xff, 0xff, 0x21, 0x21, 0x84, 0x82, 0x04, 0x21, 0x04, 0x49, 0x08, 0xc9, 0xff, 0xff, 0x0f,
0x02, 0x00, 0x10, 0xf0, 0x7f, 0x7b, 0xc9, 0x26, 0x92, 0x10, 0xd8, 0x16, 0x24, 0x21, 0xc2, 0xad,
0x7f, 0xbf, 0xb3, 0xd7, 0xfe, 0xff, 0xff, 0xff, 0xff, 0xff, 0xff, 0xff, 0x27, 0x01, 0x02, 0x25,
0x49, 0x84, 0x4c, 0x30, 0x25, 0x29, 0x49, 0x28, 0x49, 0x12, 0x04, 0xf8, 0xff, 0xff, 0xff, 0xff,
0xff, 0xff, 0xbf, 0x0d, 0x01, 0x42, 0xba, 0x37, 0x00, 0x00, 0xc9, 0xb6, 0xfe, 0xeb, 0xa6, 0x9c,
0xfd, 0xff, 0xff, 0xff, 0xff, 0xff, 0xff, 0xff, 0x07, 0x40, 0x08, 0x10, 0x10, 0x11, 0x10, 0x09,
0x00, 0x01, 0x12, 0x41, 0x00, 0x00, 0x90, 0xf0, 0xff, 0xff, 0xff, 0xff, 0xff, 0xff, 0xb7, 0x19,
0x24, 0x00, 0x68, 0x2d, 0x10, 0x48, 0x40, 0x9b, 0xee, 0xce, 0xa6, 0x3b, 0xff, 0xff, 0xff, 0xff,
0xff, 0xff, 0xff, 0xff, 0xcf, 0x04, 0x49, 0xd2, 0x90, 0x40, 0x12, 0xc4, 0x20, 0x46, 0x10, 0x44,
0x92, 0x8d, 0x10, 0xfa, 0xff, 0xff, 0xff, 0xff, 0xff, 0xff, 0x67, 0x92, 0x04, 0x08, 0xd8, 0x09,
0x00, 0x20, 0x42, 0x2b, 0xbf, 0xb5, 0x99, 0x66, 0xfe, 0xff, 0xff, 0xff, 0xff, 0xff, 0xff, 0xff,
0x07, 0x40, 0x02, 0x08, 0x80, 0x84, 0x44, 0x10, 0xa2, 0x10, 0x45, 0x10, 0x02, 0x20, 0x46, 0xf8,
0xff, 0xff, 0xff, 0xff, 0xff, 0xff, 0xdf, 0x23, 0x01, 0x01, 0xd8, 0x26, 0x04, 0x20, 0xc0, 0x66,
0xfe, 0xb3, 0xcd, 0xd6, 0xfc, 0xff, 0xff, 0xff, 0xff, 0xff, 0xff, 0xff, 0x27, 0x09, 0x30, 0x08,
0x21, 0x10, 0x04, 0x10, 0x00, 0x00, 0x04, 0x88, 0x40, 0x02, 0x00, 0xf1, 0xff, 0xff, 0xff, 0xff,
0xff, 0xff, 0x33, 0x0d, 0x08, 0x04, 0x68, 0x27, 0x00, 0x88, 0xc4, 0x5c, 0xee, 0x6e, 0x86, 0x59,
0xfe, 0xff, 0xff, 0xff, 0xff, 0xff, 0xff, 0xff, 0x0f, 0x80, 0x01, 0x22, 0x10, 0x01, 0x91, 0x44,
0x44, 0x0a, 0x92, 0x20, 0x84, 0x08, 0x4c, 0xf8, 0xff, 0xff, 0xff, 0xff, 0xff, 0xff, 0x6f, 0xc5,
0x20, 0x00, 0x38, 0x0d, 0x80, 0x00, 0xc0, 0x33, 0xbf, 0x73, 0x9b, 0x6f, 0xfe, 0xff, 0xff, 0xff,
0xff, 0xff, 0xff, 0xff, 0x67, 0x02, 0x44, 0x88, 0x40, 0x04, 0x02, 0x10, 0x41, 0x00, 0x01, 0x10,
0x81, 0x20, 0x40, 0xf8, 0xff, 0xff, 0xff, 0xff, 0xff, 0xff, 0xdb, 0x06, 0x02, 0x40, 0xd8, 0x0d,
0x04, 0x10, 0x41, 0x26, 0xf6, 0x9d, 0xc9, 0x24, 0xfe, 0xff, 0xff, 0xff, 0xff, 0xff, 0xff, 0xff,
0x07, 0x42, 0x04, 0x00, 0x42, 0x88, 0x48, 0x10, 0x00, 0x11, 0x49, 0x48, 0x40, 0x12, 0x11, 0xf0,
0xff, 0xff, 0xff, 0xff, 0xff, 0xff, 0x97, 0x31, 0x08, 0x00, 0xd8, 0x22, 0x00, 0x40, 0xc0, 0x9c,
0x7e, 0x6d, 0x26, 0x9b, 0xfe, 0xff, 0xff, 0xff, 0xff, 0xff, 0xff, 0xff, 0x87, 0x40, 0x10, 0x92,
0x10, 0x81, 0x00, 0x44, 0x20, 0x02, 0x00, 0x08, 0x02, 0x00, 0x84, 0xf8, 0xff, 0xff, 0xff, 0xff,
0xff, 0xff, 0x37, 0x09, 0x01, 0x11, 0x68, 0x32, 0x00, 0x08, 0xc8, 0xc9, 0x6e, 0xb7, 0xa9, 0xc9,
0xfe, 0xff, 0xff, 0xff, 0xff, 0xff, 0xff, 0xff, 0x17, 0x10, 0x81, 0x00, 0x10, 0x00, 0x12, 0x04,
0x89, 0x40, 0x12, 0x82, 0x90, 0x84, 0x20, 0xf8, 0xff, 0xff, 0xff, 0xff, 0xff, 0xff, 0x6b, 0x4e,
0x00, 0x00, 0xb8, 0x1d, 0x00, 0x88, 0x40, 0x37, 0xff, 0x97, 0xed, 0x36, 0xff, 0xff, 0xff, 0xff,
0xff, 0xff, 0xff, 0xff, 0x47, 0x02, 0x09, 0x12, 0x42, 0x92, 0x40, 0x10, 0x20, 0x04, 0x41, 0x08,
0x40, 0x10, 0x0a, 0xf9, 0xff, 0xff, 0xff, 0xff, 0xff, 0xff, 0xcf, 0x12, 0x92, 0x00, 0xa8, 0x25,
0x24, 0x21, 0xc5, 0xf6, 0x96, 0x7d, 0xd7, 0xff, 0xff, 0xff, 0xff, 0xff, 0xff, 0x1f, 0x08, 0x00,
0x24, 0x49, 0x32, 0xd2, 0x48, 0x92, 0x4c, 0xc9, 0x24, 0x19, 0x4d, 0x31, 0x4b, 0x13, 0x91, 0x80,
0xc0, 0xff, 0xff, 0xff, 0xff, 0xff, 0xb7, 0x9f, 0x08, 0x44, 0x78, 0x3f, 0x00, 0x00, 0xd0, 0xce,
0x72, 0x72, 0xd3, 0xff, 0xff, 0xff, 0xff, 0xff, 0xff, 0x1f, 0x02, 0x92, 0x80, 0x40, 0x80, 0x00,
0x90, 0x00, 0x10, 0x04, 0x00, 0x41, 0x00, 0x44, 0x00, 0x44, 0x04, 0x12, 0xc2, 0xff, 0xff, 0xff,
0xff, 0xff, 0xb7, 0x11, 0x20, 0x01, 0xd8, 0x12, 0x10, 0xc8, 0x40, 0x1b, 0xde, 0xd2, 0xa6, 0xff,
0xff, 0xff, 0xff, 0xff, 0xff, 0xbf, 0x44, 0x48, 0x48, 0x12, 0x0d, 0x2c, 0x81, 0x84, 0x12, 0x24,
0x49, 0x02, 0x32, 0x40, 0x90, 0x00, 0x68, 0x40, 0x90, 0xff, 0xff, 0xff, 0xff, 0xff, 0x77, 0x46,
0x03, 0x10, 0xe8, 0x26, 0x00, 0x20, 0xc2, 0x39, 0xdb, 0xd4, 0xac, 0xff, 0xff, 0xff, 0xff, 0xff,
0xff, 0x1f, 0x11, 0x09, 0x10, 0x00, 0x21, 0x00, 0x20, 0x80, 0x00, 0x10, 0x81, 0x08, 0x84, 0x08,
0x41, 0x12, 0x09, 0x48, 0xc4, 0xff, 0xff, 0xff, 0xff, 0xff, 0xd7, 0x12, 0x08, 0x00, 0xb8, 0x0d,
0x04, 0x20, 0x48, 0x67, 0xa6, 0x31, 0xcb, 0xff, 0xff, 0xff, 0xff, 0xff, 0xff, 0x1f, 0x00, 0x24,
0x21, 0x49, 0x00, 0x92, 0x10, 0x09, 0x26, 0x44, 0x20, 0x20, 0x01, 0x28, 0x04, 0x10, 0x84, 0x20,
0xc1, 0xff, 0xff, 0xff, 0xff, 0xff, 0x9b, 0x25, 0x20, 0x04, 0x98, 0x0d, 0x01, 0x08, 0x41, 0x4d,
0x6e, 0xf3, 0x9e, 0xff, 0xff, 0xff, 0xff, 0xff, 0xff, 0xbf, 0x0c, 0x04, 0x08, 0x00, 0x49, 0x08,
0x41, 0x88, 0x80, 0x10, 0x82, 0x04, 0x52, 0x80, 0x80, 0x01, 0x24, 0x20, 0x88, 0xff, 0xff, 0xff,
0xff, 0xff, 0xbb, 0x85, 0x04, 0x00, 0x78, 0x23, 0x80, 0x40, 0xc4, 0x39, 0x5a, 0xd2, 0xc4, 0xff,
0xff, 0xff, 0xff, 0xff, 0xff, 0x9f, 0x20, 0x91, 0xa0, 0x04, 0x01, 0x48, 0x20, 0x02, 0x08, 0x88,
0x20, 0x12, 0x02, 0x10, 0x42, 0x24, 0x00, 0x89, 0xc0, 0xff, 0xff, 0xff, 0xff, 0xff, 0x67, 0x93,
0x10, 0x80, 0x68, 0x0f, 0x00, 0x10, 0x40, 0x36, 0xdb, 0x58, 0xcb, 0xff, 0xff, 0xff, 0xff, 0xff,
0xff, 0x1f, 0x02, 0x00, 0x20, 0x40, 0x24, 0x02, 0x90, 0x00, 0x23, 0x24, 0x80, 0x00, 0x89, 0x24,
0x00, 0x00, 0x49, 0x00, 0xc6, 0xff, 0xff, 0xff, 0xff, 0xff, 0x37, 0x13, 0x02, 0x04, 0x68, 0x22,
0x00, 0x80, 0xc0, 0x93, 0xa6, 0x34, 0xe3, 0xff, 0xff, 0xff, 0xff, 0xff, 0xff, 0x1f, 0x08, 0x12,
0x08, 0x01, 0x00, 0x90, 0x10, 0x84, 0x00, 0x04, 0x21, 0x04, 0x20, 0x88, 0x90, 0x04, 0x00, 0x10,
0xc0, 0xff, 0xff, 0xff, 0xff, 0xff, 0xd7, 0x48, 0x08, 0x01, 0xd8, 0x32, 0x00, 0x08, 0xc0, 0xcc,
0x36, 0xb7, 0xac, 0xff, 0xff, 0xff, 0xff, 0xff, 0xff, 0x3f, 0x81, 0x40, 0x42, 0x90, 0x08, 0x01,
0x04, 0x21, 0x44, 0x10, 0x08, 0x41, 0x02, 0x02, 0x42, 0x80, 0x12, 0xc2, 0xc0, 0xff, 0xff, 0xff,
0xff, 0xff, 0xdb, 0x0c, 0x01, 0x00, 0x98, 0x0d, 0x08, 0x20, 0x49, 0x5b, 0xda, 0xd4, 0xed, 0xff,
0xff, 0xff, 0xff, 0xff, 0xff, 0x1f, 0x11, 0x0c, 0x10, 0x82, 0x20, 0x4c, 0x20, 0x08, 0x11, 0x41,
0x22, 0x08, 0x49, 0x10, 0x08, 0x09, 0x42, 0x08, 0xc4, 0xff, 0xff, 0xff, 0xff, 0xff, 0x2f, 0x33,
0x40, 0x00, 0xb8, 0x2d, 0x20, 0x49, 0xc2, 0xdb, 0xdb, 0x5d, 0xdb, 0xff, 0xff, 0xff, 0xff, 0xff,
0x03, 0x50, 0x26, 0xa1, 0xc9, 0x4c, 0x26, 0x92, 0x92, 0x42, 0x92, 0x4c, 0xa2, 0x12, 0x49, 0xc9,
0x21, 0x69, 0x24, 0x29, 0x19, 0x00, 0xfe, 0xff, 0xff, 0xff, 0xe7, 0x8f, 0x1a, 0x49, 0xe8, 0x36,
0x00, 0x40, 0x50, 0x26, 0x36, 0x73, 0xd3, 0xff, 0xff, 0xff, 0xff, 0xff, 0x23, 0x00, 0x00, 0x11,
0x20, 0x00, 0x89, 0x20, 0x90, 0x90, 0x08, 0x20, 0x08, 0x42, 0x10, 0x08, 0x44, 0x02, 0x11, 0x80,
0x00, 0x09, 0xfe, 0xff, 0xff, 0xff, 0x77, 0x0c, 0x00, 0x00, 0xd8, 0x16, 0x04, 0x10, 0xc1, 0xbd,
0xf6, 0xd4, 0xe6, 0xff, 0xff, 0xff, 0xff, 0xff, 0xc7, 0x24, 0x09, 0x44, 0x04, 0x03, 0x00, 0x04,
0x01, 0x01, 0x24, 0x24, 0x41, 0x04, 0x11, 0x20, 0x10, 0x12, 0x48, 0x92, 0x44, 0x24, 0xfe, 0xff,
0xff, 0xff, 0xd7, 0x31, 0x05, 0x10, 0xd8, 0x09, 0x01, 0x08, 0xc4, 0x89, 0x9a, 0xb1, 0x8d, 0xff,
0xff, 0xff, 0xff, 0xff, 0x13, 0x82, 0x08, 0x04, 0x50, 0xc0, 0x12, 0x18, 0x50, 0x0c, 0x81, 0x04,
0x40, 0x11, 0x46, 0x24, 0x83, 0x00, 0x02, 0x40, 0x00, 0x01, 0xfe, 0xff, 0xff, 0xff, 0x9b, 0x83,
0x00, 0x01, 0x38, 0x27, 0x40, 0x20, 0x40, 0x7b, 0x6e, 0xb3, 0x99, 0xff, 0xff, 0xff, 0xff, 0xff,
0x13, 0x80, 0x20, 0x31, 0x41, 0x04, 0x48, 0x42, 0x42, 0x80, 0x24, 0x90, 0x04, 0x00, 0x00, 0x11,
0x80, 0x24, 0xa4, 0x08, 0x09, 0x49, 0xfe, 0xff, 0xff, 0xff, 0x6f, 0x26, 0x08, 0x04, 0xe8, 0x26,
0x10, 0x20, 0x49, 0x57, 0x66, 0x72, 0xd6, 0xff, 0xff, 0xff, 0xff, 0xff, 0x47, 0x24, 0x02, 0x04,
0x08, 0x01, 0x01, 0x08, 0x01, 0x11, 0x02, 0x08, 0xa1, 0x24, 0x09, 0x90, 0x04, 0x00, 0x01, 0x20,
0x40, 0x10, 0xfc, 0xff, 0xff, 0xff, 0x73, 0x07, 0x21, 0x00, 0xd8, 0x0a, 0x04, 0x08, 0xc0, 0x14,
0x9e, 0xd9, 0xc5, 0xff, 0xff, 0xff, 0xff, 0xff, 0x03, 0x81, 0x18, 0xc2, 0x20, 0x48, 0x24, 0x08,
0x10, 0x04, 0x92, 0x20, 0x00, 0x00, 0x64, 0x00, 0x40, 0x12, 0x18, 0x21, 0x06, 0x02, 0xfe, 0xf7,
0xff, 0xff, 0x9e, 0x91, 0x04, 0x80, 0xd8, 0x09, 0x00, 0x40, 0xc2, 0x36, 0x73, 0x91, 0xcd, 0xff,
0xff, 0xff, 0xff, 0xff, 0x33, 0x00, 0x04, 0x08, 0x90, 0x00, 0x01, 0xa2, 0x90, 0x80, 0x00, 0x84,
0x40, 0x0a, 0x01, 0x48, 0x42, 0x08, 0x42, 0x88, 0x80, 0x28, 0xfe, 0xff, 0xff, 0xff, 0xe7, 0x12,
0x00, 0x04, 0x68, 0x27, 0x00, 0x10, 0x40, 0x4b, 0xd6, 0x34, 0xe3, 0xff, 0xff, 0xff, 0xff, 0xff,
0x87, 0x20, 0x01, 0x21, 0x00, 0x02, 0x08, 0x02, 0x80, 0x80, 0x24, 0x04, 0x20, 0x00, 0x09, 0x08,
0x01, 0x01, 0x00, 0x00, 0x81, 0x00, 0xfe, 0xff, 0xff, 0xff, 0x37, 0x49, 0x08, 0x01, 0x38, 0x33,
0x00, 0x80, 0xc0, 0xcc, 0x96, 0x76, 0xb2, 0xff, 0xff, 0xff, 0xff, 0xff, 0x03, 0x08, 0x40, 0x04,
0x4a, 0x60, 0x82, 0x48, 0x24, 0x12, 0x00, 0x30, 0x22, 0x41, 0x20, 0x22, 0x10, 0x44, 0x12, 0x24,
0x10, 0x02, 0xfe, 0xff, 0xff, 0xff, 0x57, 0x0d, 0x01, 0x00, 0xd8, 0x18, 0x00, 0x08, 0x92, 0xb5,
0x3a, 0xd3, 0xce, 0xff, 0xff, 0xff, 0xff, 0xff, 0x13, 0xc1, 0x04, 0x90, 0x00, 0x09, 0x10, 0x00,
0x01, 0x80, 0x48, 0x82, 0x08, 0x04, 0x82, 0x80, 0x40, 0x10, 0x42, 0x20, 0x42, 0x48, 0xfe, 0xff,
0xff, 0xff, 0xcf, 0x36, 0x20, 0x00, 0xc8, 0x26, 0x24, 0x69, 0xc0, 0xb7, 0xeb, 0xfd, 0xff, 0xff,
0xff, 0xff, 0x7f, 0x00, 0x64, 0x16, 0x99, 0x49, 0x34, 0x89, 0x65, 0x36, 0xd2, 0x8c, 0x92, 0x24,
0x61, 0x32, 0x99, 0x4c, 0x26, 0x93, 0x4c, 0xcb, 0x4c, 0x49, 0x00, 0xf0, 0xff, 0xff, 0xff, 0xff,
0xff, 0x6c, 0x22, 0x00, 0x00, 0x00, 0x49, 0x4e, 0x6e, 0xf6, 0xff, 0xff, 0xff, 0xff, 0xff, 0x10,
0x80, 0x00, 0x02, 0x24, 0x81, 0x20, 0x08, 0x80, 0x10, 0x22, 0x04, 0x44, 0x04, 0x01, 0x01, 0x40,
0x80, 0x08, 0x00, 0x00, 0x00, 0x04, 0x49, 0xf0, 0xff, 0xff, 0xff, 0x9f, 0x8d, 0x00, 0x00, 0x00,
0x09, 0x10, 0xc0, 0x59, 0xda, 0xf8, 0xff, 0xff, 0xff, 0xff, 0xff, 0x44, 0x88, 0x20, 0x42, 0x04,
0x48, 0x02, 0x02, 0x49, 0x80, 0x00, 0x49, 0x10, 0x20, 0x09, 0x24, 0x18, 0x11, 0x02, 0x99, 0x90,
0x21, 0x12, 0x10, 0xf1, 0xff, 0xff, 0xff, 0x7f, 0x2b, 0x89, 0x00, 0x01, 0x00, 0x20, 0xc1, 0x37,
0x9b, 0xf9, 0xff, 0xff, 0xff, 0xff, 0x7f, 0x04, 0x28, 0x84, 0x08, 0x91, 0x20, 0x48, 0x12, 0x08,
0x21, 0x04, 0x02, 0x24, 0x81, 0x80, 0x24, 0x22, 0x44, 0x10, 0x00, 0x10, 0x84, 0x20, 0x12, 0xf0,
0xff, 0xff, 0xff, 0xdf, 0x9a, 0x20, 0x08, 0x00, 0x40, 0x08, 0x44, 0x66, 0xb6, 0xf1, 0xff, 0xff,
0xff, 0xff, 0x7f, 0x92, 0x00, 0x81, 0x20, 0x04, 0x20, 0x01, 0x41, 0x22, 0x10, 0x91, 0x30, 0x00,
0x21, 0x12, 0x82, 0x80, 0x80, 0x44, 0x26, 0x21, 0x00, 0x05, 0x48, 0xf2, 0xff, 0xff, 0xff, 0xdf,
0x36, 0x06, 0x20, 0x00, 0x01, 0x40, 0xc0, 0x59, 0x76, 0xfa, 0xff, 0xff, 0xff, 0xff, 0xff, 0x20,
0x14, 0x20, 0x02, 0x24, 0x09, 0x04, 0x09, 0x88, 0x50, 0x00, 0x82, 0x18, 0x84, 0x00, 0x12, 0x18,
0x82, 0x00, 0x80, 0x20, 0x49, 0x50, 0x08, 0xf0, 0xff, 0xff, 0xff, 0xbf, 0x25, 0x91, 0x00, 0x00,
0x04, 0x10, 0x49, 0x1b, 0xca, 0xf9, 0xff, 0xff, 0xff, 0xff, 0x7f, 0x04, 0x40, 0x82, 0x08, 0x41,
0x40, 0x40, 0x20, 0x08, 0x02, 0x86, 0x08, 0xc0, 0x40, 0x24, 0x40, 0x40, 0x00, 0x32, 0x08, 0x08,
0x01, 0x02, 0x22, 0xf1, 0xff, 0xff, 0xff, 0xbf, 0x1d, 0x00, 0x08, 0x00, 0x00, 0x00, 0x40, 0x36,
0x3b, 0xf1, 0xff, 0xff, 0xff, 0xff, 0x7f, 0x92, 0x08, 0x00, 0x08, 0x08, 0x10, 0x03, 0x06, 0x22,
0x20, 0x81, 0x20, 0x04, 0x02, 0x01, 0x09, 0x08, 0x61, 0x08, 0x22, 0x40, 0x84, 0x08, 0x00, 0xf0,
0xff, 0xff, 0xff, 0x5f, 0x96, 0x24, 0x00, 0x01, 0x00, 0x48, 0xc2, 0xc5, 0x66, 0xf6, 0xff, 0xff,
0xff, 0xff, 0xff, 0x00, 0x20, 0x61, 0x02, 0x22, 0x08, 0x20, 0x10, 0x82, 0x40, 0x00, 0x06, 0x24,
0x20, 0x08, 0x21, 0x08, 0x00, 0x01, 0x82, 0x10, 0x00, 0x20, 0x94, 0xf0, 0xff, 0xff, 0xff, 0xdf,
0xc9, 0x00, 0x00, 0x00, 0x01, 0x08, 0xc0, 0xcc, 0xd6, 0xfc, 0xff, 0xff, 0xff, 0xff, 0xff, 0x24,
0x02, 0x08, 0x40, 0x00, 0x22, 0x80, 0x80, 0x08, 0x14, 0x22, 0x00, 0x01, 0x88, 0x40, 0x04, 0x21,
0x12, 0x84, 0x08, 0x84, 0x50, 0x02, 0x01, 0xf0, 0xff, 0xff, 0xff, 0xbf, 0x2d, 0x49, 0x02, 0x00,
0x20, 0x20, 0x91, 0x3b, 0x99, 0xf9, 0xff, 0xff, 0xff, 0xff, 0x7f, 0x80, 0x48, 0x82, 0x04, 0x49,
0x80, 0x44, 0x22, 0x20, 0x81, 0x88, 0x48, 0x48, 0x22, 0x12, 0x10, 0x84, 0x40, 0x20, 0x20, 0x21,
0x02, 0x48, 0x48, 0xf2, 0xff, 0xff, 0xff, 0x3f, 0xb3, 0x00, 0x08, 0x00, 0x82, 0x48, 0xc4, 0xb6,
0x6f, 0xf7, 0xff, 0xff, 0xff, 0xff, 0xff, 0x1a, 0x24, 0x31, 0x99, 0x24, 0x4d, 0x12, 0x09, 0x93,
0x28, 0x81, 0x92, 0x24, 0x21, 0x89, 0xc9, 0x98, 0x4c, 0x0b, 0x93, 0x48, 0xca, 0x24, 0x92, 0xf4,
0xff, 0xff, 0xff, 0xff, 0xee, 0x94, 0x20, 0x09, 0x10, 0x00, 0xc0, 0xd6, 0x7a, 0xf6, 0xff, 0xff,
0xff, 0xff, 0xff, 0x40, 0x20, 0x04, 0x01, 0x10, 0x40, 0x00, 0x44, 0x10, 0x02, 0x11, 0x04, 0x84,
0x08, 0x21, 0x04, 0x42, 0x00, 0x40, 0x08, 0x42, 0x00, 0x12, 0x24, 0xf0, 0xff, 0xff, 0xff, 0x9f,
0x4d, 0x00, 0x02, 0x00, 0x01, 0x90, 0xc1, 0x4d, 0xda, 0xf8, 0xff, 0xff, 0xff, 0xff, 0x7f, 0x24,
0xc2, 0x40, 0x44, 0x92, 0x90, 0xa4, 0x04, 0x44, 0x90, 0x84, 0x49, 0x90, 0x40, 0x02, 0x24, 0x40,
0x21, 0x06, 0x28, 0x90, 0x04, 0x02, 0x41, 0xf2, 0xff, 0xff, 0xff, 0x7f, 0x93, 0x2c, 0x40, 0x00,
0x04, 0x20, 0x44, 0x2d, 0xcb, 0xf9, 0xff, 0xff, 0xff, 0xff, 0x7f, 0x84, 0x18, 0x02, 0x11, 0x04,
0x10, 0x02, 0x11, 0x08, 0x41, 0x00, 0x20, 0x04, 0x82, 0x08, 0x81, 0x08, 0x84, 0x10, 0x82, 0x00,
0xc0, 0x48, 0x18, 0xf0, 0xff, 0xff, 0xff, 0xdf, 0x9e, 0x80, 0x00, 0x00, 0x00, 0x08, 0xc0, 0x39,
0x2e, 0xf3, 0xff, 0xff, 0xff, 0xff, 0xff, 0x10, 0x00, 0x20, 0x00, 0x61, 0x20, 0x48, 0x10, 0x22,
0x20, 0x09, 0x82, 0x30, 0x20, 0x20, 0x12, 0x28, 0x80, 0x10, 0x04, 0x28, 0x09, 0x00, 0x80, 0xf0,
0xff, 0xff, 0xff, 0xdf, 0x34, 0x02, 0x08, 0x02, 0x80, 0x20, 0x49, 0x4b, 0xf6, 0xf2, 0xff, 0xff,
0xff, 0xff, 0xff, 0x42, 0x90, 0x84, 0x0c, 0x0c, 0x89, 0x00, 0x42, 0x88, 0x10, 0x80, 0x08, 0x84,
0x84, 0x04, 0x42, 0x80, 0x02, 0x02, 0x51, 0x20, 0x04, 0x25, 0x26, 0xf2, 0xff, 0xff, 0xff, 0xbf,
0x25, 0x24, 0x21, 0x00, 0x21, 0x20, 0x40, 0x7b, 0x9a, 0xf8, 0xff, 0xff, 0xff, 0xff, 0x7f, 0x08,
0x84, 0x80, 0x20, 0x00, 0x20, 0x82, 0x08, 0x08, 0x42, 0x86, 0x30, 0x10, 0x80, 0x10, 0x08, 0x18,
0x40, 0x08, 0x04, 0x81, 0x40, 0x10, 0x00, 0xf1, 0xff, 0xff, 0xff, 0xbf, 0x9b, 0x01, 0x00, 0x00,
0x00, 0x88, 0xc0, 0x26, 0x6a, 0xf9, 0xff, 0xff, 0xff, 0xff, 0x7f, 0x24, 0x20, 0x22, 0x02, 0x91,
0x00, 0x04, 0x21, 0x22, 0x80, 0x00, 0x06, 0x40, 0x22, 0x02, 0x21, 0x40, 0x44, 0x21, 0x20, 0x08,
0x02, 0x02, 0x18, 0xf0, 0xff, 0xff, 0xff, 0x5f, 0x0e, 0x48, 0x00, 0x00, 0x00, 0x00, 0xc2, 0x8c,
0x67, 0xf6, 0xff, 0xff, 0xff, 0xff, 0xff, 0x00, 0x02, 0x00, 0x08, 0x04, 0x98, 0x41, 0x04, 0x80,
0x30, 0x20, 0x00, 0x0c, 0x20, 0x08, 0x01, 0x02, 0x01, 0x04, 0x89, 0x20, 0x80, 0x08, 0x42, 0xf0,
0xff, 0xff, 0xff, 0xdf, 0x69, 0x02, 0x08, 0x00, 0x01, 0x10, 0x40, 0xdb, 0x9c, 0xfc, 0xff, 0xff,
0xff, 0xff, 0xff, 0x08, 0x48, 0x90, 0x80, 0x20, 0x02, 0x00, 0x10, 0x09, 0x02, 0x81, 0x88, 0x20,
0x81, 0x40, 0x44, 0x08, 0x90, 0x40, 0x00, 0x84, 0x08, 0x40, 0x00, 0xf1, 0xff, 0xff, 0xff, 0x3f,
0xd3, 0x10, 0x82, 0x00, 0x10, 0x48, 0xc4, 0x32, 0xb3, 0xf9, 0xff, 0xff, 0xff, 0xff, 0x7f, 0x22,
0x01, 0x81, 0x24, 0x82, 0x20, 0x48, 0x42, 0x48, 0x48, 0x84, 0x20, 0x02, 0x24, 0x12, 0x10, 0xc9,
0x04, 0x12, 0x26, 0x10, 0x62, 0x06, 0x09, 0xf4, 0xff, 0xff, 0xff, 0x7f, 0x96, 0x44, 0x00, 0x00,
0x42, 0x88, 0xd1, 0xee, 0xee, 0xf7, 0xff, 0xff, 0xff, 0x0f, 0x00, 0x92, 0x34, 0x4d, 0x12, 0x99,
0xa4, 0x49, 0x0a, 0x92, 0x90, 0x34, 0x93, 0xd4, 0x24, 0x89, 0x49, 0x10, 0x61, 0x92, 0x90, 0x51,
0x82, 0x98, 0x64, 0x02, 0x80, 0xff, 0xff, 0xdf, 0x7f, 0x22, 0x49, 0x04, 0x00, 0x20, 0xc0, 0x4d,
0x5a, 0xfc, 0xff, 0xff, 0xff, 0x1f, 0x80, 0x08, 0x40, 0x00, 0x42, 0x20, 0x08, 0x80, 0x88, 0x20,
0x02, 0x01, 0x04, 0x04, 0x00, 0x21, 0x24, 0x42, 0x08, 0x01, 0x44, 0x84, 0x08, 0x02, 0x10, 0x08,
0x80, 0xff, 0xff, 0xbf, 0x49, 0x08, 0x00, 0x00, 0x11, 0x40, 0x42, 0x9b, 0xdb, 0xf9, 0xff, 0xff,
0xff, 0x9f, 0x05, 0x24, 0x92, 0x20, 0x09, 0x06, 0x40, 0x22, 0x22, 0x0c, 0x50, 0x88, 0x24, 0x20,
0x21, 0x02, 0x91, 0x48, 0x02, 0x09, 0x11, 0x20, 0x42, 0x30, 0x92, 0xa0, 0x89, 0xff, 0xff, 0xbf,
0xcd, 0x90, 0x80, 0x00, 0x00, 0x08, 0x48, 0x3b, 0x66, 0xf1, 0xff, 0xff, 0xff, 0x0f, 0x10, 0x81,
0x10, 0x42, 0x00, 0x90, 0x90, 0x08, 0x01, 0x40, 0x11, 0x02, 0x82, 0x08, 0xa1, 0x08, 0x04, 0x20,
0x40, 0x08, 0x84, 0x48, 0x00, 0x01, 0x00, 0x02, 0x80, 0xff, 0xff, 0xdf, 0x36, 0x06, 0x08, 0x00,
0x04, 0x20, 0xc1, 0x64, 0x9e, 0xf9, 0xff, 0xff, 0xff, 0x4f, 0x02, 0x09, 0x44, 0x80, 0x24, 0x81,
0x08, 0x40, 0x44, 0x12, 0x40, 0x10, 0x12, 0x48, 0x80, 0x00, 0x21, 0x88, 0x84, 0x20, 0x24, 0x00,
0x09, 0x49, 0x4c, 0x40, 0x86, 0xff, 0xff, 0xdf, 0x32, 0x20, 0x20, 0x00, 0x01, 0x20, 0xc4, 0x37,
0xba, 0xf2, 0xff, 0xff, 0xff, 0x1f, 0x04, 0x22, 0x00, 0x21, 0x08, 0x0c, 0x60, 0x06, 0x11, 0x88,
0x40, 0x84, 0x40, 0x04, 0x02, 0x12, 0x89, 0x10, 0x80, 0x04, 0x02, 0x31, 0x40, 0x00, 0x00, 0x11,
0x90, 0xff, 0xff, 0xbf, 0x8d, 0x88, 0x00, 0x00, 0x80, 0x88, 0x40, 0x99, 0x6a, 0xf2, 0xff, 0xff,
0xff, 0x9f, 0x11, 0x40, 0x18, 0x82, 0x02, 0x20, 0x01, 0x00, 0x01, 0x08, 0x12, 0x01, 0x22, 0x90,
0x60, 0x08, 0x00, 0x40, 0x42, 0x10, 0x48, 0x80, 0x04, 0x19, 0x12, 0xc0, 0x80, 0xff, 0xff, 0x3f,
0x2d, 0x02, 0x08, 0x02, 0x00, 0x00, 0x42, 0x2b, 0xce, 0xf9, 0xff, 0xff, 0xff, 0x0f, 0x80, 0x14,
0x40, 0x00, 0x10, 0x03, 0x88, 0x41, 0x24, 0x22, 0x40, 0x88, 0x08, 0x10, 0x00, 0x01, 0x66, 0x0c,
0x02, 0x01, 0x01, 0x08, 0x01, 0x42, 0xc0, 0x00, 0x8a, 0xff, 0xff, 0xdf, 0x93, 0x10, 0x00, 0x00,
0x00, 0x10, 0xc0, 0xa6, 0x35, 0xfc, 0xff, 0xff, 0xff, 0x1f, 0x02, 0x02, 0x02, 0x11, 0x01, 0x48,
0x20, 0x00, 0x00, 0x80, 0x00, 0x82, 0x00, 0x44, 0x08, 0x04, 0x01, 0x20, 0x20, 0x04, 0x94, 0x20,
0x20, 0x00, 0x04, 0x08, 0x80, 0xff, 0xff, 0x7f, 0x96, 0x04, 0x40, 0x00, 0x09, 0x40, 0xd0, 0xcc,
0xb6, 0xf5, 0xff, 0xff, 0xff, 0x4f, 0x48, 0x88, 0x08, 0x60, 0x44, 0x00, 0x04, 0x48, 0x12, 0x09,
0x94, 0x20, 0x12, 0x01, 0x21, 0x20, 0x11, 0x82, 0x40, 0x90, 0x00, 0x84, 0x88, 0x04, 0x11, 0x60,
0x84, 0xff, 0xff, 0x9f, 0x69, 0x20, 0x09, 0x00, 0x00, 0x08, 0x41, 0x5b, 0xca, 0xf6, 0xff, 0xff,
0xff, 0x1f, 0x01, 0x21, 0x64, 0x02, 0x10, 0x25, 0x49, 0x42, 0x48, 0x24, 0x11, 0x04, 0x48, 0x24,
0x24, 0x03, 0x44, 0x18, 0x12, 0x01, 0x22, 0x11, 0x82, 0x10, 0x49, 0x12, 0x91, 0xff, 0xff, 0x7f,
0x6b, 0x09, 0x00, 0x00, 0xff, 0x07, 0x04, 0x00, 0x7e, 0xfe, 0xff, 0xff, 0xff, 0x9f, 0x34, 0x25,
0x91, 0xc4, 0x92, 0x24, 0x91, 0x24, 0x89, 0x24, 0x61, 0xc9, 0x24, 0xa4, 0x40, 0x4c, 0x12, 0x61,
0x92, 0x2c, 0x49, 0x52, 0x32, 0x53, 0x48, 0x82, 0xc4, 0xff, 0xff, 0x7f, 0x9f, 0xc4, 0x44, 0x02,
0x7f, 0x43, 0x80, 0x84, 0xd6, 0xf9, 0xff, 0xff, 0xff, 0x8f, 0x00, 0x08, 0x80, 0x10, 0x02, 0x10,
0x84, 0x00, 0x22, 0x10, 0x04, 0x01, 0x82, 0x10, 0x42, 0x00, 0x11, 0x84, 0x00, 0x02, 0x44, 0x80,
0x00, 0x04, 0x82, 0x88, 0x80, 0xff, 0xff, 0x9f, 0xd1, 0x10, 0x00, 0x00, 0xd3, 0x00, 0x00, 0x12,
0x9a, 0xf9, 0xff, 0xff, 0xff, 0x1f, 0x83, 0x48, 0x32, 0x02, 0x09, 0x49, 0x20, 0x42, 0x02, 0x92,
0x10, 0x84, 0x08, 0x44, 0x88, 0x11, 0x49, 0x10, 0x44, 0x12, 0x10, 0x88, 0x44, 0x20, 0x30, 0x20,
0x92, 0xff, 0xff, 0xff, 0x4e, 0x02, 0x08, 0x00, 0x9f, 0x24, 0x40, 0x00, 0x6a, 0xf2, 0xff, 0xff,
0xff, 0x1f, 0x08, 0x02, 0x00, 0x20, 0x21, 0x04, 0x48, 0x08, 0x09, 0x08, 0xc2, 0x10, 0x32, 0x04,
0x21, 0x04, 0x04, 0x48, 0x41, 0x00, 0x89, 0x20, 0x00, 0x03, 0x04, 0x41, 0x80, 0xff, 0xff, 0x9f,
0x19, 0x24, 0x20, 0x00, 0xed, 0x01, 0x00, 0x09, 0x6e, 0xf3, 0xff, 0xff, 0xff, 0xcf, 0x00, 0x92,
0x48, 0x84, 0x00, 0x24, 0x01, 0x81, 0x20, 0x48, 0x00, 0x82, 0x80, 0x30, 0x04, 0x20, 0x24, 0x08,
0x80, 0x24, 0x24, 0x20, 0x09, 0x48, 0x44, 0x10, 0x89, 0xff, 0xff, 0x7f, 0x37, 0x81, 0x00, 0x00,
0x33, 0x01, 0x02, 0x21, 0xd6, 0xf8, 0xff, 0xff, 0xff, 0x0f, 0x92, 0x20, 0x10, 0x41, 0x14, 0x01,
0x30, 0x04, 0x22, 0x02, 0x11, 0x08, 0x02, 0x88, 0xc0, 0x04, 0x81, 0x20, 0x82, 0x00, 0x04, 0x09,
0x40, 0x10, 0x08, 0x42, 0x80, 0xff, 0xff, 0xdf, 0x2c, 0x08, 0x08, 0x01, 0xdf, 0x24, 0x40, 0x04,
0xda, 0xf2, 0xff, 0xff, 0xff, 0x1f, 0x00, 0x02, 0x04, 0x00, 0x01, 0x64, 0x80, 0x40, 0x08, 0x48,
0xc0, 0x80, 0x18, 0x00, 0x02, 0x04, 0x89, 0x90, 0x20, 0x1a, 0x11, 0x20, 0x03, 0x05, 0x22, 0x40,
0x92, 0xff, 0xff, 0xb7, 0xab, 0x20, 0x01, 0x00, 0x6d, 0x06, 0x00, 0x10, 0x9a, 0xf9, 0xff, 0xff,
0xff, 0x9f, 0x09, 0x44, 0xa0, 0x24, 0x08, 0x08, 0x08, 0x02, 0x01, 0x04, 0x10, 0x82, 0x40, 0x24,
0x20, 0x11, 0x20, 0x08, 0x04, 0x00, 0x40, 0x40, 0x00, 0x21, 0x80, 0x11, 0x80, 0xff, 0xff, 0x3f,
0x9b, 0x04, 0x00, 0x00, 0x33, 0x01, 0x80, 0x00, 0x36, 0xfc, 0xff, 0xff, 0xff, 0x0f, 0x80, 0x11,
0x08, 0x80, 0x80, 0x01, 0x22, 0x20, 0x04, 0x91, 0x10, 0x00, 0x02, 0x84, 0x20, 0x00, 0x09, 0x48,
0x40, 0x04, 0x0a, 0x04, 0x60, 0x08, 0x14, 0x80, 0x84, 0xff, 0xff, 0x7f, 0x45, 0x10, 0x08, 0x00,
0x97, 0x05, 0x00, 0x82, 0x66, 0xf3, 0xff, 0xff, 0xff, 0x1f, 0x22, 0x00, 0x41, 0x12, 0x22, 0x44,
0x80, 0x80, 0x10, 0x02, 0x42, 0x24, 0x08, 0x11, 0x88, 0x44, 0x00, 0x01, 0x11, 0x21, 0x22, 0x91,
0x04, 0x82, 0x44, 0x08, 0x80, 0xff, 0xff, 0xdf, 0x74, 0x02, 0x02, 0x00, 0xfd, 0x46, 0x40, 0x12,
0xda, 0xfe, 0xff, 0xff, 0xff, 0xdf, 0x08, 0x26, 0x14, 0x40, 0x02, 0x10, 0x19, 0x1a, 0xc1, 0x48,
0x88, 0x81, 0x11, 0x44, 0x22, 0x04, 0x53, 0x24, 0x44, 0x88, 0x00, 0x48, 0x90, 0x10, 0x02, 0x31,
0xa9, 0xff, 0xff, 0xbf, 0x9b, 0xc8, 0x40, 0x02, 0x6b, 0x03, 0x49, 0x44, 0xde, 0xfc, 0xff, 0xff,
0xff, 0x0f, 0x42, 0xc8, 0x90, 0x49, 0x4c, 0x93, 0x40, 0x42, 0x0c, 0x24, 0x31, 0x18, 0xa4, 0x90,
0x20, 0x29, 0x44, 0xc8, 0x40, 0x02, 0xda, 0x08, 0x03, 0x46, 0x98, 0x84, 0x84, 0xff, 0xff, 0xbf,
0xeb, 0x08, 0x08, 0x00, 0x5b, 0x05, 0x00, 0x01, 0x36, 0xf3, 0xff, 0xff, 0xff, 0x1f, 0x12, 0x11,
0x42, 0x00, 0x01, 0x20, 0x44, 0x00, 0x22, 0x20, 0x04, 0x83, 0x24, 0x22, 0x04, 0x81, 0x08, 0x09,
0x09, 0x49, 0x00, 0x22, 0x48, 0x08, 0x21, 0x80, 0x90, 0xff, 0xff, 0x5f, 0x4e, 0x22, 0x82, 0x00,
0xdf, 0x44, 0x00, 0x08, 0xf6, 0xf8, 0xff, 0xff, 0xff, 0x9f, 0x00, 0x04, 0x48, 0x92, 0x10, 0x0c,
0x91, 0x44, 0x02, 0x8a, 0x40, 0x80, 0x00, 0x24, 0x41, 0x04, 0x22, 0x20, 0x20, 0x11, 0x09, 0xc0,
0x00, 0x21, 0x04, 0x11, 0x82, 0xff, 0xff, 0xff, 0x15, 0x88, 0x00, 0x00, 0xb5, 0x00, 0x40, 0x22,
0xce, 0xfa, 0xff, 0xff, 0xff, 0x8f, 0x84, 0x24, 0x20, 0x80, 0x04, 0x41, 0x20, 0x00, 0x49, 0x08,
0x10, 0x04, 0x4a, 0x10, 0x20, 0x12, 0x81, 0x90, 0x04, 0x04, 0xc8, 0x08, 0x82, 0x04, 0x48, 0x60,
0x88, 0xff, 0xff, 0x9f, 0xb5, 0x01, 0x20, 0x00, 0xb7, 0x21, 0x00, 0x01, 0x9a, 0xf3, 0xff, 0xff,
0xff, 0x1f, 0x08, 0x82, 0x04, 0x21, 0x20, 0x04, 0x08, 0x83, 0x00, 0x20, 0x91, 0x10, 0x02, 0x44,
0x82, 0x00, 0x14, 0x08, 0xc0, 0x20, 0x02, 0x20, 0x08, 0x12, 0x22, 0x02, 0x81, 0xff, 0xff, 0x7f,
0x2e, 0x24, 0x08, 0x00, 0xdb, 0x09, 0x02, 0x44, 0x3a, 0xf9, 0xff, 0xff, 0xff, 0x4f, 0x02, 0x12,
0x10, 0x81, 0x02, 0x24, 0x21, 0x08, 0x12, 0x12, 0x40, 0x82, 0x90, 0x10, 0x20, 0x24, 0x42, 0x48,
0x02, 0x02, 0x24, 0x21, 0x41, 0x40, 0x88, 0x10, 0x84, 0xff, 0xff, 0xdf, 0x2a, 0x84, 0x00, 0x02,
0x6d, 0x04, 0x40, 0x10, 0xe6, 0xf8, 0xff, 0xff, 0xff, 0x8f, 0x90, 0x40, 0x10, 0x04, 0x18, 0x41,
0x80, 0x40, 0x40, 0x48, 0x42, 0x08, 0x24, 0x90, 0x84, 0x10, 0x08, 0x40, 0x80, 0x18, 0x00, 0x08,
0x04, 0x09, 0x08, 0xc0, 0x90, 0xff, 0xff, 0x9f, 0x9b, 0x10, 0x80, 0x00, 0xb7, 0x04, 0x00, 0x01,
0x6e, 0xf9, 0xff, 0xff, 0xff, 0x1f, 0x04, 0x04, 0x44, 0x20, 0x01, 0x08, 0x48, 0x02, 0x05, 0x08,
0x10, 0x81, 0x00, 0x04, 0x80, 0x00, 0x21, 0x10, 0x21, 0x00, 0x99, 0xc0, 0x00, 0x22, 0x22, 0x01,
0x82, 0xff, 0xff, 0x7f, 0x95, 0x40, 0x08, 0x00, 0x95, 0x02, 0x00, 0x04, 0x1a, 0xfd, 0xff, 0xff,
0xff, 0x1f, 0x01, 0x11, 0x00, 0x41, 0x84, 0x20, 0x08, 0x20, 0x10, 0x82, 0x10, 0x84, 0x08, 0x24,
0x21, 0x02, 0x01, 0x02, 0x40, 0x02, 0x04, 0x10, 0x62, 0x00, 0x00, 0x08, 0x80, 0xff, 0xff, 0xdf,
0x24, 0x09, 0x00, 0x00, 0xdd, 0x06, 0x40, 0x10, 0xd6, 0xf6, 0xff, 0xff, 0xff, 0x4f, 0x20, 0x40,
0x12, 0x10, 0x00, 0x06, 0x22, 0x89, 0x80, 0x10, 0x44, 0x20, 0x22, 0x01, 0x08, 0x48, 0x44, 0x48,
0x12, 0x48, 0x20, 0x02, 0x00, 0x09, 0x49, 0x90, 0xa4, 0xff, 0xff, 0xbf, 0x6b, 0x00, 0x02, 0x00,
0x5b, 0x93, 0x44, 0x41, 0xb6, 0xf2, 0xff, 0xff, 0xff, 0x1f, 0x8a, 0x06, 0xc9, 0x84, 0x69, 0x90,
0x40, 0x40, 0x26, 0x46, 0x40, 0x82, 0x08, 0x94, 0x60, 0x09, 0x19, 0x49, 0x84, 0x01, 0x83, 0x48,
0x84, 0x48, 0x84, 0x24, 0x88, 0xff, 0xff, 0x3f, 0xdb, 0x24, 0x48, 0x02, 0x7b, 0xfb, 0x1f, 0x08,
0x00, 0xf8, 0xff, 0xff, 0xff, 0x9f, 0x80, 0x30, 0x00, 0x20, 0x04, 0x21, 0x0c, 0x11, 0x08, 0x20,
0x13, 0x89, 0x48, 0x44, 0x02, 0x22, 0x80, 0x80, 0x20, 0x24, 0x18, 0x90, 0x11, 0x02, 0x24, 0x80,
0x81, 0xff, 0xff, 0x1f, 0x00, 0x00, 0xf9, 0x3f, 0xad, 0x6c, 0x33, 0x00, 0x48, 0xf0, 0xff, 0xff,
0xff, 0x8f, 0x24, 0x88, 0x24, 0x09, 0x12, 0x0c, 0x21, 0x81, 0x48, 0x88, 0x90, 0x20, 0x02, 0x21,
0x88, 0x00, 0x25, 0x24, 0x02, 0x89, 0x40, 0x02, 0x40, 0x98, 0x20, 0x49, 0x92, 0xff, 0xff, 0x9f,
0x04, 0x08, 0x98, 0x09, 0xb7, 0x6c, 0x23, 0x02, 0x02, 0xf0, 0xff, 0xff, 0xff, 0x1f, 0x01, 0x09,
0x20, 0x40, 0x02, 0x40, 0x40, 0x24, 0x02, 0x12, 0x80, 0x04, 0x32, 0x88, 0x20, 0x09, 0x11, 0x10,
0x10, 0x01, 0x04, 0x48, 0x02, 0x01, 0x12, 0x00, 0x88, 0xff, 0xff, 0x1f, 0x00, 0x01, 0x78, 0x13,
0xdb, 0xd9, 0x0e, 0x00, 0x88, 0xf8, 0xff, 0xff, 0xff, 0x1f, 0x08, 0x42, 0x88, 0x84, 0x20, 0x11,
0x08, 0x00, 0x11, 0x42, 0x20, 0x90, 0x00, 0x08, 0x01, 0x04, 0x44, 0x48, 0x41, 0x24, 0x24, 0x21,
0x08, 0x21, 0x48, 0x92, 0x80, 0xff, 0xff, 0x9f, 0x08, 0x04, 0x68, 0x07, 0x5b, 0xd9, 0x0c, 0x01,
0x22, 0xf2, 0xff, 0xff, 0xff, 0x4f, 0x82, 0x10, 0x10, 0x20, 0x04, 0x84, 0x20, 0x49, 0x44, 0x08,
0x11, 0x01, 0x42, 0x24, 0xc4, 0x10, 0x01, 0x01, 0x84, 0x00, 0x00, 0x20, 0x41, 0x04, 0x08, 0x40,
0x92, 0xff, 0xff, 0x9f, 0x20, 0x80, 0xd8, 0x0c, 0x77, 0xb9, 0x0b, 0x00, 0x00, 0xf0, 0xff, 0xff,
0xff, 0x4f, 0x10, 0x84, 0x44, 0x82, 0x10, 0x24, 0x20, 0x00, 0x01, 0x08, 0x50, 0x04, 0x0a, 0x90,
0x20, 0x02, 0x12, 0x30, 0x82, 0x18, 0x49, 0x08, 0x04, 0x10, 0x22, 0x41, 0x80, 0xff, 0xff, 0x1f,
0x02, 0x00, 0xd8, 0x0b, 0xcd, 0x64, 0x26, 0x20, 0x4c, 0xf0, 0xff, 0xff, 0xff, 0x1f, 0x09, 0x21,
0x00, 0x80, 0x00, 0x01, 0x89, 0x04, 0x29, 0x62, 0x02, 0x84, 0x20, 0x10, 0x02, 0x08, 0x48, 0x88,
0x00, 0x02, 0x04, 0x41, 0x80, 0x41, 0x08, 0x11, 0x89, 0xff, 0xff, 0x9f, 0x08, 0x04, 0x68, 0x26,
0xbd, 0xdc, 0x25, 0x04, 0x00, 0xf8, 0xff, 0xff, 0xff, 0x1f, 0x00, 0x08, 0x88, 0x10, 0x02, 0x48,
0x00, 0x40, 0x00, 0x00, 0x20, 0x81, 0x04, 0x44, 0x40, 0x00, 0x01, 0x08, 0x24, 0x00, 0x10, 0x10,
0x01, 0x04, 0x40, 0x00, 0x84, 0xff, 0xff, 0x1f, 0x00, 0x01, 0xb8, 0x05, 0x33, 0x9b, 0x19, 0x00,
0x22, 0xf8, 0xff, 0xff, 0xff, 0x4f, 0x82, 0x00, 0x22, 0x40, 0x88, 0x00, 0x10, 0x01, 0x12, 0x92,
0x10, 0x00, 0x10, 0x01, 0x21, 0x41, 0x24, 0x20, 0x81, 0x84, 0x40, 0x00, 0x24, 0x10, 0x06, 0x48,
0x80, 0xff, 0xff, 0x1f, 0x01, 0x00, 0xc8, 0x18, 0xcf, 0x6a, 0x16, 0x00, 0x02, 0xf1, 0xff, 0xff,
0xff, 0x1f, 0x08, 0x93, 0x00, 0x09, 0x21, 0x12, 0x42, 0x48, 0x80, 0x08, 0x44, 0x92, 0x40, 0x24,
0x08, 0x04, 0x01, 0x09, 0x10, 0x10, 0x02, 0x4a, 0x80, 0x00, 0x90, 0x20, 0xa1, 0xff, 0xff, 0x1f,
0x24, 0x00, 0xb8, 0x1b, 0xed, 0xee, 0x37, 0x11, 0x18, 0xf9, 0xff, 0xff, 0xff, 0x9f, 0x61, 0x08,
0x99, 0x10, 0x04, 0xc9, 0x48, 0x12, 0x0d, 0x22, 0x21, 0x89, 0x26, 0x24, 0x62, 0x32, 0x19, 0xc9,
0x44, 0x63, 0x9a, 0x90, 0x49, 0xa6, 0x11, 0x86, 0x8c, 0xff, 0xff, 0xbf, 0x84, 0x24, 0xb9, 0x37,
0xbd, 0xb9, 0x29, 0x00, 0x42, 0xf0, 0xff, 0xff, 0xff, 0x0f, 0x04, 0x48, 0x80, 0x44, 0x12, 0x21,
0x00, 0x01, 0x20, 0x20, 0x88, 0x20, 0x88, 0xc0, 0x00, 0x02, 0x20, 0x00, 0x41, 0x08, 0x00, 0x04,
0x00, 0x08, 0x44, 0x10, 0x82, 0xff, 0xff, 0x1f, 0x10, 0x00, 0x68, 0x06, 0x33, 0xdb, 0x0e, 0x04,
0x42, 0xf8, 0xff, 0xff, 0xff, 0x1f, 0x11, 0x11, 0x24, 0x00, 0x42, 0x04, 0x24, 0x61, 0x82, 0x8c,
0x90, 0x02, 0x09, 0x0c, 0x24, 0x09, 0x85, 0x24, 0x08, 0x04, 0x31, 0x21, 0x93, 0x08, 0x20, 0x61,
0xa2, 0xff, 0xff, 0x1f, 0x43, 0x10, 0xd8, 0x19, 0xef, 0x6c, 0x13, 0x00, 0x18, 0xf0, 0xff, 0xff,
0xff, 0x5f, 0x08, 0x84, 0x10, 0xa1, 0x08, 0x48, 0x40, 0x04, 0x09, 0x10, 0x42, 0x88, 0x24, 0x30,
0x81, 0x00, 0x09, 0x20, 0x82, 0x11, 0x04, 0x88, 0x00, 0x23, 0x0a, 0x80, 0x88, 0xff, 0xff, 0x9f,
0x08, 0x04, 0xd8, 0x13, 0xed, 0x38, 0x8b, 0x00, 0x80, 0xf0, 0xff, 0xff, 0xff, 0x8f, 0x80, 0x20,
0x10, 0x04, 0x20, 0x02, 0x09, 0x00, 0x21, 0x42, 0x40, 0x80, 0x80, 0x00, 0x20, 0x12, 0x20, 0x88,
0x40, 0x00, 0x48, 0x40, 0x48, 0x00, 0x90, 0x10, 0x80, 0xff, 0xff, 0x1f, 0x00, 0x00, 0x38, 0x06,
0x37, 0xf3, 0x0e, 0x10, 0x22, 0xf2, 0xff, 0xff, 0xff, 0x0f, 0x06, 0x02, 0x44, 0x40, 0x02, 0x24,
0x20, 0x49, 0x00, 0x08, 0x11, 0x05, 0x12, 0x4c, 0x82, 0x00, 0x43, 0x10, 0x04, 0x22, 0x01, 0x11,
0x02, 0x48, 0x04, 0x42, 0x92, 0xff, 0xff, 0x9f, 0x04, 0x82, 0xe8, 0x0d, 0xdb, 0xd8, 0x24, 0x01,
0x08, 0xf0, 0xff, 0xff, 0xff, 0x5f, 0x10, 0x92, 0x00, 0x81, 0x08, 0x81, 0x20, 0x00, 0x49, 0x08,
0x40, 0x10, 0x42, 0x00, 0x20, 0x0c, 0x08, 0x41, 0x80, 0x08, 0x24, 0x20, 0x80, 0x00, 0x48, 0x40,
0x80, 0xff, 0xff, 0x9f, 0x10, 0x00, 0xd8, 0x0d, 0xdb, 0xac, 0x27, 0x00, 0x42, 0xf8, 0xff, 0xff,
0xff, 0x1f, 0x81, 0x00, 0x28, 0x24, 0x20, 0x08, 0x88, 0x04, 0x00, 0x22, 0x10, 0x82, 0x08, 0x30,
0x21, 0x01, 0x24, 0x08, 0x21, 0x00, 0x80, 0x88, 0x04, 0x09, 0x02, 0x11, 0x85, 0xff, 0xff, 0x1f,
0x02, 0x00, 0x58, 0x22, 0x6d, 0xba, 0x02, 0x00, 0x10, 0xf0, 0xff, 0xff, 0xff, 0x0f, 0x04, 0x24,
0x80, 0x00, 0x01, 0x22, 0x00, 0x40, 0x26, 0x80, 0x90, 0x08, 0x20, 0x04, 0x01, 0x10, 0x81, 0x20,
0x04, 0x09, 0x09, 0x00, 0x40, 0x20, 0x10, 0x00, 0x80, 0xff, 0xff, 0x1f, 0x08, 0x21, 0xe8, 0x13,
0x25, 0xcb, 0x38, 0x00, 0x04, 0xf0, 0xff, 0xff, 0xff, 0x4f, 0x40, 0x00, 0x12, 0x40, 0x04, 0x80,
0x24, 0x01, 0x00, 0x04, 0x00, 0x80, 0x01, 0x44, 0x20, 0x02, 0x09, 0x88, 0x40, 0x00, 0x20, 0x24,
0x01, 0x02, 0x41, 0xc8, 0xa0, 0xff, 0xff, 0x9f, 0x00, 0x00, 0x38, 0x19, 0xbf, 0x6d, 0x2f, 0x08,
0x22, 0xf9, 0xff, 0xff, 0xff, 0x1f, 0x09, 0x49, 0x40, 0x12, 0x90, 0x09, 0x00, 0x24, 0x91, 0x30,
0x49, 0x22, 0x44, 0x10, 0xa4, 0x20, 0x20, 0x02, 0x12, 0x92, 0x82, 0x00, 0x90, 0x08, 0x04, 0x01,
0x82, 0xff, 0xff, 0x1f, 0x42, 0x00, 0xd8, 0x26, 0xd9, 0x76, 0x1b, 0x81, 0x88, 0xf8, 0xff, 0xff,
0xff, 0x9f, 0x24, 0x09, 0x0d, 0x81, 0x09, 0x64, 0xda, 0x88, 0x84, 0x42, 0x92, 0x08, 0x92, 0x24,
0x81, 0x84, 0x26, 0x58, 0x40, 0x22, 0x4c, 0xd2, 0x24, 0xa2, 0x34, 0x32, 0x9a, 0xff, 0xff, 0x5f,
0x12, 0x49, 0xd8, 0x1e, 0x77, 0xdb, 0x16, 0x00, 0x00, 0xf2, 0xff, 0xff, 0xff, 0x0f, 0x00, 0x10,
0x20, 0x24, 0x48, 0x10, 0x00, 0x82, 0x08, 0x08, 0x00, 0xc0, 0x10, 0x84, 0x08, 0x04, 0x90, 0x80,
0x09, 0x08, 0x01, 0x00, 0x04, 0x08, 0x80, 0x80, 0x80, 0xff, 0xff, 0x1f, 0x00, 0x00, 0xb8, 0x19,
0x37, 0xd9, 0x35, 0x04, 0x32, 0xf0, 0xff, 0xff, 0xff, 0x9f, 0x49, 0x92, 0xc0, 0x00, 0x02, 0x09,
0x21, 0x20, 0x22, 0x20, 0x91, 0x11, 0x04, 0x91, 0x20, 0x11, 0x11, 0x22, 0x20, 0x01, 0x30, 0x24,
0x41, 0x09, 0x49, 0x84, 0x84, 0xff, 0xff, 0x9f, 0x24, 0x10, 0x68, 0x27, 0xed, 0x6c, 0x07, 0x00,
0x82, 0xf8, 0xff, 0xff, 0xff, 0x1f, 0x08, 0x04, 0x04, 0x42, 0x22, 0x20, 0x48, 0x04, 0x02, 0x12,
0x10, 0x04, 0x21, 0x20, 0x80, 0x40, 0x04, 0x08, 0x02, 0x25, 0x82, 0x40, 0x08, 0x22, 0x10, 0x11,
0x81, 0xff, 0xff, 0x1f, 0x01, 0x04, 0xd8, 0x06, 0xdb, 0xb8, 0x0c, 0x01, 0x08, 0xf0, 0xff, 0xff,
0xff, 0x4f, 0x82, 0x24, 0x30, 0x40, 0x08, 0x86, 0x00, 0x41, 0x48, 0x48, 0x40, 0x00, 0x82, 0x04,
0x21, 0x02, 0x24, 0x20, 0x40, 0x00, 0x0c, 0x48, 0x82, 0x00, 0x02, 0x40, 0x88, 0xff, 0xff, 0x1f,
0x08, 0x01, 0xb8, 0x19, 0x5b, 0xb3, 0x4b, 0x20, 0x48, 0xf2, 0xff, 0xff, 0xff, 0x1f, 0x10, 0x82,
0x80, 0x84, 0x00, 0x10, 0x10, 0x08, 0x01, 0x08, 0x41, 0x92, 0x08, 0x10, 0x02, 0x08, 0x81, 0x88,
0x84, 0x48, 0x40, 0x20, 0x00, 0x49, 0x48, 0x42, 0x82, 0xff, 0xff, 0x9f, 0x20, 0x00, 0x68, 0x07,
0xb7, 0xd9, 0x06, 0x00, 0x02, 0xf0, 0xff, 0xff, 0xff, 0x4f, 0x02, 0x10, 0x04, 0x20, 0x12, 0x41,
0xa0, 0x00, 0x11, 0x02, 0x10, 0x00, 0x22, 0x48, 0xa0, 0x20, 0x12, 0x10, 0x00, 0x02, 0x12, 0x01,
0x49, 0x00, 0x08, 0x10, 0x90, 0xff, 0xff, 0x9f, 0x04, 0x20, 0xd8, 0x06, 0xed, 0xd8, 0x26, 0x10,
0x90, 0xf8, 0xff, 0xff, 0xff, 0x0f, 0x09, 0x41, 0x10, 0x01, 0x00, 0x04, 0x09, 0x46, 0x44, 0x90,
0x40, 0x0c, 0x80, 0x00, 0x21, 0x02, 0x40, 0x40, 0x22, 0x10, 0x00, 0x48, 0x00, 0x12, 0x22, 0x81,
0x84, 0xff, 0xff, 0x1f, 0x10, 0x04, 0xd8, 0x0c, 0x2b, 0xb6, 0x31, 0x04, 0x04, 0xf0, 0xff, 0xff,
0xff, 0x1f, 0x00, 0x0c, 0x60, 0x90, 0x84, 0x10, 0x40, 0x00, 0x00, 0x04, 0x08, 0x81, 0x09, 0x24,
0x00, 0x08, 0x09, 0x0c, 0x80, 0x01, 0x49, 0x00, 0x82, 0x00, 0x00, 0x20, 0x80, 0xff, 0xff, 0x1f,
0x01, 0x01, 0x68, 0x33, 0x2e, 0x2d, 0x13, 0x00, 0x22, 0xf0, 0xff, 0xff, 0xff, 0x9f, 0x44, 0x00,
0x02, 0x00, 0x00, 0x42, 0x08, 0x21, 0x09, 0x22, 0x20, 0x00, 0x20, 0x84, 0x20, 0x01, 0x22, 0x20,
0x41, 0x04, 0x00, 0x24, 0x20, 0x84, 0x44, 0x08, 0x81, 0xff, 0xff, 0x9f, 0x00, 0x00, 0x38, 0x13,
0xf3, 0xf9, 0x0e, 0x00, 0x08, 0xf9, 0xff, 0xff, 0xff, 0x0f, 0x00, 0x91, 0x88, 0x24, 0x49, 0x08,
0x22, 0x00, 0x20, 0x88, 0x84, 0x20, 0x02, 0x10, 0x24, 0x44, 0x00, 0x01, 0x04, 0x90, 0x24, 0x81,
0x04, 0x11, 0x10, 0x41, 0xa4, 0xff, 0xff, 0x1f, 0x44, 0x00, 0xd8, 0x1c, 0xdf, 0xd6, 0x3a, 0x01,
0x42, 0xf0, 0xed, 0xff, 0xff, 0x5f, 0x33, 0x25, 0x24, 0x44, 0x22, 0x91, 0x90, 0xd4, 0x92, 0x40,
0x14, 0x83, 0x4c, 0x42, 0x84, 0x10, 0x15, 0x99, 0x30, 0x41, 0x24, 0x18, 0x11, 0x21, 0x23, 0x94,
0xa4, 0xff, 0xb7, 0x5d, 0x10, 0xdb, 0xda, 0x27, 0x59, 0xdb, 0x1b, 0x04, 0x12, 0x02, 0x80, 0xff,
0xff, 0x1f, 0x00, 0x20, 0x41, 0x10, 0x08, 0x04, 0x04, 0x01, 0x08, 0x12, 0x41, 0x88, 0x00, 0x24,
0x01, 0x03, 0x41, 0x80, 0x00, 0x06, 0x81, 0x40, 0x40, 0x0c, 0x88, 0x00, 0x82, 0xff, 0x03, 0x00,
0x02, 0xff, 0x6e, 0x1b, 0x77, 0x39, 0x13, 0x00, 0x20, 0x00, 0x82, 0xff, 0xff, 0x8f, 0x44, 0x0a,
0x88, 0x81, 0x84, 0x30, 0x21, 0x09, 0x09, 0x22, 0x80, 0x20, 0x92, 0x10, 0x20, 0x48, 0x08, 0x24,
0x42, 0x10, 0x18, 0x82, 0x04, 0x40, 0x90, 0x48, 0x82, 0xff, 0x43, 0x00, 0x00, 0x25, 0xb9, 0x19,
0x6d, 0xe6, 0x26, 0x02, 0x8c, 0x90, 0xc0, 0xff, 0xff, 0x9f, 0x10, 0x48, 0x20, 0x24, 0x02, 0x02,
0x48, 0x40, 0x42, 0x88, 0x90, 0x04, 0x04, 0x90, 0xa0, 0x00, 0x22, 0x40, 0x00, 0x01, 0x42, 0x28,
0x80, 0x12, 0x12, 0x42, 0x88, 0xff, 0x13, 0x01, 0x01, 0xbf, 0xd9, 0x06, 0xef, 0xb8, 0x0d, 0x00,
0x02, 0x10, 0x84, 0xff, 0xff, 0x1f, 0x02, 0x01, 0x04, 0x80, 0x08, 0x44, 0x00, 0x02, 0x10, 0x08,
0x12, 0x80, 0x20, 0x04, 0x02, 0x12, 0x84, 0x08, 0x21, 0x24, 0x04, 0x01, 0x09, 0x02, 0x48, 0x10,
0x81, 0xff, 0x13, 0x20, 0x00, 0xd9, 0x6c, 0x26, 0x99, 0xb9, 0x0d, 0x01, 0x20, 0x41, 0x80, 0xff,
0xff, 0x4f, 0x08, 0x26, 0x90, 0x80, 0x20, 0x11, 0x31, 0x88, 0x01, 0x22, 0x40, 0x92, 0x82, 0x10,
0x40, 0x00, 0x11, 0x10, 0x84, 0x00, 0x11, 0x10, 0x40, 0x48, 0x08, 0x41, 0x84, 0xff, 0x87, 0x84,
0x00, 0xd7, 0xb8, 0x0d, 0x77, 0x69, 0x23, 0x40, 0x04, 0x00, 0xc9, 0xff, 0xff, 0x4f, 0x84, 0x40,
0x10, 0x22, 0x02, 0x08, 0x80, 0x00, 0x24, 0x80, 0x40, 0x00, 0x08, 0x48, 0x22, 0x09, 0x42, 0x90,
0x80, 0x08, 0x40, 0x20, 0x02, 0x01, 0x22, 0x40, 0x90, 0xff, 0x23, 0x00, 0x20, 0xb6, 0xd9, 0x0d,
0x77, 0x6c, 0x0b, 0x10, 0x90, 0x30, 0x80, 0xff, 0xff, 0x1f, 0x11, 0x08, 0x44, 0x00, 0x08, 0x22,
0x08, 0x42, 0x00, 0x04, 0x12, 0x09, 0x21, 0x04, 0x01, 0x80, 0x08, 0x08, 0x02, 0x22, 0x0a, 0x89,
0x08, 0x24, 0x80, 0x10, 0x81, 0xff, 0x03, 0x01, 0x00, 0x3b, 0x59, 0x23, 0x99, 0xdc, 0x26, 0x00,
0x02, 0x80, 0x84, 0xff, 0xff, 0x1f, 0x00, 0x21, 0x00, 0x41, 0x00, 0x80, 0x20, 0x00, 0x09, 0x18,
0x00, 0x00, 0x04, 0x24, 0x40, 0x12, 0x20, 0x20, 0x60, 0x00, 0x20, 0x00, 0x40, 0x00, 0x14, 0x00,
0x89, 0xff, 0x13, 0x20, 0x08, 0x6d, 0xb6, 0x13, 0x67, 0xd3, 0x18, 0x00, 0x08, 0x08, 0xc0, 0xff,
0xff, 0x4f, 0x02, 0x04, 0x12, 0x08, 0x91, 0x09, 0x84, 0x10, 0x80, 0x42, 0x90, 0xc0, 0x10, 0x81,
0x08, 0x00, 0x01, 0x82, 0x00, 0x89, 0x04, 0x10, 0x01, 0x09, 0x41, 0x24, 0x80, 0xff, 0x43, 0x00,
0x00, 0x4d, 0xe6, 0x14, 0x5d, 0x3b, 0x1b, 0x04, 0x22, 0x22, 0xc1, 0xff, 0xff, 0x1f, 0x48, 0x92,
0x90, 0x20, 0x04, 0x20, 0x10, 0x42, 0x12, 0x00, 0x11, 0x12, 0x42, 0x08, 0x20, 0x49, 0x44, 0x08,
0x12, 0x20, 0x10, 0x41, 0x24, 0x20, 0x08, 0x81, 0xa4, 0xff, 0x07, 0x09, 0x00, 0xb3, 0x59, 0x16,
0xdb, 0xee, 0xe7, 0xd9, 0x80, 0x10, 0x94, 0xff, 0xff, 0xff, 0x77, 0x22, 0x84, 0x84, 0x24, 0x86,
0x42, 0x88, 0x44, 0x34, 0x44, 0x84, 0x08, 0x62, 0x46, 0x02, 0x19, 0x49, 0xc4, 0x04, 0x63, 0x4c,
0xc0, 0x92, 0x22, 0xf8, 0x9b, 0xff, 0x33, 0x20, 0x09, 0xbf, 0xdb, 0x3b, 0xb6, 0x6c, 0xb6, 0xdf,
0x10, 0x40, 0xc0, 0xff, 0xff, 0xff, 0xff, 0x08, 0x21, 0x10, 0x81, 0x10, 0x88, 0x21, 0x04, 0x81,
0x00, 0x21, 0x88, 0x00, 0x00, 0x10, 0x01, 0x40, 0x01, 0x44, 0x08, 0x00, 0x13, 0x04, 0x48, 0xf2,
0xff, 0xff, 0x83, 0x04, 0x00, 0x6d, 0xee, 0x2a, 0xbd, 0xd9, 0x59, 0x26, 0x01, 0x00, 0x83, 0xff,
0xff, 0xff, 0xff, 0x48, 0x48, 0x41, 0x04, 0x10, 0x21, 0x04, 0x11, 0x08, 0x92, 0x08, 0x11, 0x94,
0x30, 0x05, 0x24, 0x12, 0x10, 0x11, 0x90, 0x90, 0x00, 0x11, 0x11, 0xf0, 0xff, 0xff, 0x43, 0x00,
0x02, 0xdb, 0xac, 0x0b, 0x6b, 0xda, 0xc3, 0x3b, 0x01, 0x90, 0xc0, 0xff, 0xff, 0xff, 0x7f, 0x02,
0x10, 0x04, 0x11, 0x49, 0x20, 0x40, 0x42, 0x92, 0x40, 0x02, 0x46, 0x10, 0x02, 0x81, 0x88, 0x20,
0x42, 0x00, 0x05, 0x20, 0x48, 0x42, 0x84, 0xf0, 0xff, 0xff, 0x13, 0x21, 0x00, 0xdb, 0xb8, 0x15,
0xcf, 0x38, 0xce, 0x5a, 0x08, 0x10, 0x84, 0xff, 0xff, 0xff, 0x7f, 0x24, 0x84, 0x20, 0x00, 0x04,
0x88, 0x08, 0x08, 0x00, 0x10, 0x80, 0x00, 0x40, 0x40, 0x08, 0x02, 0x88, 0x00, 0x09, 0x20, 0x09,
0x01, 0x08, 0x88, 0xf0, 0xff, 0xff, 0x07, 0x84, 0x00, 0x6d, 0xdb, 0x04, 0xbd, 0xe9, 0xcd, 0x76,
0x80, 0x40, 0x90, 0xff, 0xff, 0xff, 0xff, 0x20, 0x10, 0x82, 0x24, 0x24, 0x01, 0x82, 0x21, 0x4c,
0x82, 0x84, 0x88, 0x04, 0x01, 0x22, 0x10, 0x00, 0x84, 0x20, 0x02, 0x40, 0x84, 0x21, 0x08, 0xf2,
0xff, 0xff, 0x23, 0x00, 0x00, 0xb7, 0xd9, 0x0f, 0xb3, 0xd9, 0x65, 0x27, 0x01, 0x00, 0xc1, 0xff,
0xff, 0xff, 0xff, 0x82, 0x90, 0x80, 0x00, 0x01, 0x30, 0x00, 0x04, 0x00, 0x20, 0x10, 0x22, 0x18,
0xa4, 0x00, 0xc1, 0x30, 0x41, 0x02, 0x24, 0x10, 0x00, 0x04, 0x62, 0xf0, 0xff, 0xff, 0x93, 0x00,
0x08, 0x9b, 0x38, 0x23, 0xb7, 0x5c, 0xc6, 0x39, 0x08, 0x10, 0x84, 0xff, 0xff, 0xff, 0x7f, 0x18,
0x84, 0x24, 0x12, 0x44, 0x80, 0x44, 0x10, 0x92, 0x40, 0x02, 0x02, 0x40, 0x80, 0x04, 0x0c, 0x08,
0x00, 0x08, 0x21, 0x41, 0x42, 0x10, 0x08, 0xf1, 0xff, 0xff, 0x13, 0x82, 0x00, 0xed, 0xec, 0x0c,
0x6d, 0xb2, 0xd3, 0x8e, 0x01, 0x90, 0x80, 0xff, 0xff, 0xff, 0x7f, 0x40, 0x20, 0x00, 0x00, 0x10,
0x04, 0x00, 0x01, 0x00, 0x10, 0x88, 0x08, 0x04, 0x01, 0x80, 0x20, 0x88, 0x90, 0x00, 0x08, 0x08,
0x00, 0x03, 0x01, 0xf0, 0xff, 0xff, 0x03, 0x20, 0x00, 0x6d, 0xca, 0x13, 0x4d, 0xae, 0x58, 0xb3,
0x00, 0x00, 0xc2, 0xff, 0xff, 0xff, 0xff, 0x02, 0x02, 0x90, 0x84, 0x01, 0x10, 0x21, 0x84, 0x24,
0x84, 0x80, 0x80, 0x10, 0x30, 0x02, 0x02, 0x02, 0x42, 0x42, 0x82, 0x20, 0x91, 0x08, 0x24, 0xf0,
0xff, 0xff, 0x23, 0x00, 0x00, 0x13, 0x3b, 0x19, 0xb3, 0xf9, 0x6e, 0xdb, 0x00, 0x20, 0x90, 0xff,
0xff, 0xff, 0xff, 0x88, 0x98, 0x04, 0x10, 0x24, 0x21, 0x84, 0x10, 0x82, 0x10, 0x22, 0x24, 0x42,
0x82, 0x48, 0x08, 0x10, 0x08, 0x08, 0x10, 0x04, 0x04, 0x20, 0x80, 0xf4, 0xff, 0xff, 0x87, 0x04,
0x00, 0xf7, 0xb6, 0x2d, 0xbf, 0xd7, 0xdb, 0x6e, 0x49, 0x92, 0xc1, 0xff, 0xff, 0xff, 0xff, 0xff,
0x85, 0x60, 0x22, 0xb3, 0xed, 0x16, 0x49, 0x18, 0x43, 0x08, 0x09, 0x24, 0x08, 0x11, 0x31, 0xc9,
0xa0, 0xed, 0x76, 0xd3, 0x60, 0xa6, 0xff, 0xf7, 0x7f, 0x26, 0x11, 0xf0, 0x6f, 0xed, 0xf6, 0x36,
0x6c, 0x36, 0xd3, 0x36, 0x01, 0x10, 0xc4, 0xff, 0xff, 0xff, 0xff, 0xff, 0x27, 0x02, 0x09, 0xdb,
0xcc, 0x3a, 0x04, 0x41, 0x90, 0x81, 0x48, 0x84, 0x20, 0x04, 0x01, 0x00, 0x61, 0xb3, 0x66, 0x06,
0x02, 0x08, 0xfe, 0xff, 0x7f, 0x00, 0x00, 0xa1, 0x5d, 0x9b, 0xd9, 0x16, 0xdb, 0xec, 0xd6, 0x9d,
0x10, 0x40, 0x80, 0xff, 0xff, 0xff, 0xff, 0xff, 0x43, 0x08, 0x01, 0x4e, 0x32, 0x23, 0x12, 0x24,
0x10, 0x24, 0x02, 0x91, 0x84, 0x20, 0x4c, 0x12, 0x49, 0x8f, 0x99, 0x89, 0x88, 0x01, 0xfe, 0xff,
0xff, 0x18, 0x44, 0xa0, 0x55, 0x7b, 0x6e, 0x0b, 0xb7, 0xd9, 0x66, 0x6b, 0x02, 0x40, 0xc2, 0xff,
0xff, 0xff, 0xff, 0xff, 0x13, 0x21, 0x12, 0xb9, 0xb9, 0x4d, 0x02, 0x88, 0x40, 0x00, 0x24, 0x10,
0x20, 0x09, 0x00, 0x60, 0xc0, 0x2c, 0xdb, 0x48, 0x02, 0x12, 0xfe, 0xff, 0x7f, 0x02, 0x00, 0x60,
0x97, 0xed, 0xb8, 0x29, 0x6d, 0xb9, 0x49, 0x6b, 0x08, 0x11, 0x88, 0xff, 0xff, 0xff, 0xff, 0xff,
0x07, 0x84, 0x08, 0xa7, 0x69, 0x06, 0x21, 0x02, 0x42, 0x92, 0x80, 0x44, 0x02, 0x00, 0x93, 0x08,
0xc2, 0x39, 0x66, 0x23, 0x40, 0x20, 0xfc, 0xff, 0x7f, 0x20, 0x20, 0x60, 0x3b, 0xb7, 0xd9, 0x06,
0xdb, 0x69, 0xcf, 0x1e, 0x01, 0x40, 0x80, 0xff, 0xff, 0xff, 0xff, 0xff, 0x93, 0x40, 0x20, 0x36,
0xc9, 0x1a, 0x09, 0x48, 0x10, 0x00, 0x12, 0x00, 0xa0, 0x04, 0x00, 0x80, 0x40, 0xd3, 0x2c, 0x89,
0x04, 0x09, 0xfe, 0xff, 0x7f, 0x82, 0x04, 0xe0, 0x2c, 0x4d, 0xd9, 0x06, 0xb7, 0xd8, 0xc6, 0x76,
0x00, 0x40, 0xc2, 0xff, 0xff, 0xf7, 0xff, 0xff, 0x13, 0x02, 0x05, 0xda, 0x9c, 0x49, 0x40, 0x08,
0x81, 0x84, 0x40, 0x88, 0x84, 0x10, 0x49, 0x10, 0x44, 0x16, 0xdb, 0x04, 0x04, 0x41, 0xfe, 0xff,
0xff, 0x08, 0x00, 0x82, 0x27, 0x7b, 0xb9, 0x0d, 0xad, 0xdc, 0xd2, 0x19, 0x02, 0x10, 0x88, 0xff,
0xff, 0xff, 0xff, 0xff, 0x47, 0x20, 0x10, 0xcb, 0x70, 0x27, 0x12, 0x22, 0x20, 0x80, 0x24, 0x10,
0x00, 0x02, 0x00, 0x48, 0xe0, 0x2c, 0xd3, 0x64, 0x40, 0x24, 0xfe, 0xff, 0x7f, 0x20, 0x00, 0x60,
0x9b, 0xb6, 0x6c, 0x13, 0xbb, 0xb4, 0x31, 0xa7, 0x40, 0x80, 0x81, 0xff, 0xff, 0xff, 0xff, 0xff,
0x03, 0x81, 0x08, 0x2d, 0x4b, 0x32, 0x00, 0x80, 0x10, 0x09, 0x00, 0x44, 0x22, 0x88, 0x24, 0x08,
0x81, 0xa9, 0x2c, 0x09, 0x03, 0x00, 0xfe, 0xff, 0x7f, 0x02, 0x44, 0x60, 0xcd, 0xa6, 0xcc, 0x12,
0x93, 0x2b, 0xcd, 0xac, 0x01, 0x10, 0xc0, 0xff, 0xff, 0xff, 0xff, 0xff, 0x13, 0x10, 0x02, 0x35,
0xed, 0x44, 0x04, 0x09, 0x44, 0x80, 0x08, 0x01, 0x20, 0x01, 0x01, 0x21, 0x50, 0xcb, 0x26, 0x0b,
0x20, 0x13, 0xfe, 0xff, 0x7f, 0x08, 0x01, 0xa0, 0x65, 0x9b, 0xbb, 0x2c, 0x5d, 0xfa, 0xed, 0xdb,
0x00, 0x10, 0xc8, 0xff, 0xff, 0xff, 0xff, 0xff, 0x47, 0x42, 0x40, 0xe6, 0x34, 0x9f, 0x10, 0x24,
0x01, 0x92, 0x20, 0x24, 0x09, 0x24, 0x48, 0x80, 0xc4, 0x36, 0xdb, 0x26, 0x88, 0x80, 0xfc, 0xff,
0xff, 0x20, 0x00, 0xe0, 0x36, 0x7b, 0xba, 0x2d, 0xed, 0xdb, 0x36, 0xdb, 0x48, 0xc0, 0x82, 0x49,
0xfe, 0xff, 0xff, 0xff, 0xff, 0x9f, 0x0d, 0x89, 0x92, 0x90, 0xdb, 0xb6, 0xba, 0x25, 0xb7, 0x6c,
0xf3, 0xb6, 0xdb, 0xde, 0x26, 0x24, 0x49, 0xc4, 0xc2, 0xff, 0xff, 0x4f, 0x92, 0x84, 0x24, 0x61,
0xdb, 0xe6, 0x6b, 0x1b, 0xbb, 0xb6, 0xd3, 0x6e, 0x01, 0x10, 0x10, 0x00, 0xfc, 0xff, 0xff, 0xff,
0xff, 0x3f, 0x20, 0x10, 0x80, 0x40, 0x6f, 0xda, 0xb6, 0x6d, 0xdd, 0xdb, 0xcc, 0x9a, 0x9d, 0x59,
0x1b, 0x01, 0x20, 0x10, 0xd0, 0xff, 0xff, 0x0f, 0x00, 0x04, 0x00, 0x60, 0xdb, 0x9e, 0xee, 0x13,
0xdb, 0xb4, 0xcd, 0x36, 0x11, 0x80, 0x01, 0x26, 0xfe, 0xff, 0xff, 0xff, 0xff, 0x1f, 0x82, 0x24,
0x24, 0x42, 0x89, 0x59, 0xd1, 0xca, 0x26, 0xd6, 0x24, 0x4b, 0x66, 0x72, 0x49, 0x12, 0x92, 0x80,
0xc1, 0xff, 0xff, 0x9f, 0x01, 0x31, 0x40, 0xa0, 0x4d, 0x7b, 0x9a, 0x16, 0x37, 0xd9, 0x64, 0x9b,
0x00, 0x10, 0x84, 0x00, 0xfe, 0xff, 0xff, 0xff, 0xff, 0x9f, 0x08, 0x88, 0x40, 0xc8, 0x36, 0x67,
0xd9, 0x9a, 0xba, 0x34, 0xf3, 0x4d, 0xdb, 0xa6, 0x25, 0x08, 0x04, 0x48, 0x84, 0xff, 0xff, 0x0f,
0x04, 0x04, 0x04, 0xe0, 0x36, 0xed, 0xf8, 0x06, 0xed, 0x79, 0xcf, 0x6d, 0x08, 0x50, 0x80, 0x48,
0xfc, 0xff, 0xff, 0xff, 0xff, 0x3f, 0x22, 0x01, 0x08, 0x81, 0x75, 0x9c, 0x33, 0x93, 0xcb, 0x6c,
0x63, 0x36, 0x9b, 0xac, 0x26, 0x21, 0x21, 0x21, 0xc0, 0xff, 0xff, 0x4f, 0x90, 0x40, 0x10, 0x60,
0x9b, 0x8d, 0x69, 0x09, 0x6f, 0xa9, 0xc9, 0x66, 0x00, 0x01, 0x12, 0x02, 0xfc, 0xff, 0xff, 0xff,
0xff, 0x9f, 0x00, 0x24, 0x21, 0x44, 0x4d, 0xda, 0x72, 0x4d, 0x36, 0xca, 0xcc, 0x32, 0xb3, 0xd9,
0x8a, 0x04, 0x0c, 0x20, 0xc9, 0xff, 0xff, 0x1f, 0x01, 0x12, 0x00, 0xc2, 0x2d, 0x77, 0x59, 0x0f,
0x33, 0xb9, 0x67, 0x1b, 0x01, 0x20, 0x00, 0x10, 0xfe, 0xff, 0xff, 0xff, 0xff, 0x1f, 0x04, 0x84,
0x90, 0x40, 0x5b, 0x6a, 0xd2, 0xcc, 0xb4, 0x9c, 0xa5, 0x8d, 0x6c, 0x58, 0x8a, 0x10, 0x40, 0x08,
0x88, 0xff, 0xff, 0x4f, 0x04, 0x82, 0x00, 0x60, 0x2d, 0xdd, 0xd9, 0x22, 0xdd, 0x6c, 0x46, 0x3b,
0x01, 0x80, 0x84, 0x44, 0xfc, 0xff, 0xff, 0xff, 0xff, 0x9f, 0x11, 0x11, 0x00, 0xc2, 0x32, 0xab,
0x99, 0x93, 0xcb, 0x74, 0x33, 0xcd, 0x66, 0x66, 0x33, 0x02, 0x11, 0x41, 0xc2, 0xff, 0xff, 0x0f,
0x80, 0x08, 0x40, 0xa0, 0x95, 0x35, 0xec, 0x06, 0xd7, 0xcc, 0xd2, 0x26, 0x10, 0x10, 0x00, 0x00,
0xfe, 0xff, 0xff, 0xff, 0xff, 0x3f, 0x00, 0x40, 0x48, 0x80, 0x26, 0x2d, 0x69, 0xa6, 0x1a, 0x53,
0xd2, 0x12, 0x9b, 0xac, 0x11, 0x08, 0x04, 0x10, 0xc0, 0xff, 0xff, 0x9f, 0x08, 0x20, 0x04, 0xa0,
0x93, 0x67, 0x3a, 0x13, 0x33, 0xf3, 0xd8, 0xcc, 0x00, 0x10, 0x41, 0x02, 0xfe, 0xff, 0xff, 0xff,
0xff, 0x1f, 0x82, 0x02, 0x08, 0xd1, 0xcc, 0x34, 0xb3, 0xa9, 0x66, 0xce, 0x6c, 0x72, 0x99, 0x99,
0x4c, 0x80, 0x20, 0x88, 0xc0, 0xff, 0xff, 0x0f, 0x80, 0x04, 0x00, 0x60, 0x6e, 0x9a, 0xdb, 0x18,
0x6f, 0x9b, 0x6f, 0xdb, 0x01, 0x40, 0x90, 0x48, 0xfc, 0xff, 0xff, 0xff, 0xff, 0x9f, 0x08, 0x92,
0x20, 0x44, 0x9b, 0xd3, 0x96, 0xda, 0x6c, 0x39, 0xa3, 0xcd, 0x65, 0x73, 0x1b, 0x11, 0x82, 0x20,
0x92, 0xff, 0xff, 0x4f, 0x22, 0x10, 0x01, 0xe0, 0x69, 0xbb, 0xcd, 0x37, 0x6c, 0x7b, 0xdb, 0x3b,
0xff, 0x07, 0x02, 0x12, 0x25, 0xf1, 0xff, 0xff, 0xff, 0xff, 0xff, 0x48, 0x92, 0x00, 0x31, 0x4a,
0x48, 0x12, 0x09, 0x21, 0x29, 0x09, 0x26, 0x42, 0x22, 0x65, 0x9a, 0xf6, 0xff, 0xff, 0xff, 0x1f,
0x09, 0x41, 0xfc, 0xcf, 0xdf, 0x6d, 0x39, 0x37, 0xdb, 0x6c, 0xd3, 0xe6, 0xb6, 0x0c, 0x00, 0x04,
0x00, 0xe0, 0xff, 0xff, 0xff, 0xff, 0xff, 0x21, 0x40, 0x12, 0x04, 0x20, 0x21, 0x01, 0x01, 0x84,
0x00, 0x22, 0x10, 0x88, 0x80, 0x04, 0x20, 0xf8, 0xff, 0xff, 0xff, 0x0f, 0x41, 0x08, 0x6c, 0x39,
0x93, 0x6d, 0xfb, 0x0c, 0xdb, 0xec, 0x96, 0x9d, 0xb6, 0x41, 0x80, 0x21, 0x92, 0xe8, 0xff, 0xff,
0xff, 0xff, 0xff, 0x24, 0x0c, 0x41, 0x02, 0x11, 0x80, 0x84, 0x94, 0x24, 0x90, 0x00, 0x49, 0x88,
0x10, 0x12, 0x21, 0xf8, 0xff, 0xff, 0xff, 0x4f, 0x04, 0x00, 0xd8, 0xe5, 0x6e, 0xb6, 0xca, 0x13,
0xb7, 0x99, 0x65, 0x3b, 0x6e, 0x13, 0x08, 0x08, 0x10, 0xf2, 0xff, 0xff, 0xff, 0xff, 0xff, 0x88,
0x20, 0x84, 0x48, 0x44, 0x10, 0x00, 0x02, 0x10, 0x21, 0x14, 0x04, 0x20, 0x42, 0x00, 0x8c, 0xf0,
0xff, 0xff, 0xff, 0x1f, 0x00, 0x04, 0x5c, 0xb3, 0x8d, 0xb7, 0x3c, 0x07, 0x6d, 0x79, 0xcd, 0x6b,
0xda, 0x04, 0x02, 0x42, 0x44, 0xf0, 0xff, 0xff, 0xff, 0xff, 0xff, 0x01, 0x20, 0x00, 0x01, 0x08,
0x51, 0x92, 0x28, 0x44, 0x84, 0x04, 0x91, 0x08, 0x80, 0x09, 0x00, 0xf8, 0xff, 0xff, 0xff, 0x8f,
0x08, 0x00, 0x74, 0x66, 0x3b, 0xed, 0xf9, 0x0c, 0x6f, 0x69, 0xcb, 0x56, 0xb6, 0x01, 0x80, 0x10,
0x00, 0xe1, 0xff, 0xff, 0xff, 0xff, 0xff, 0x24, 0x89, 0x49, 0x24, 0x22, 0x40, 0x80, 0x80, 0x10,
0x40, 0x00, 0x01, 0x48, 0x04, 0x20, 0x92, 0xf8, 0xff, 0xff, 0xff, 0x4f, 0x82, 0x00, 0xb4, 0xe5,
0x1a, 0x9b, 0xc9, 0x0b, 0xb3, 0xd9, 0xc6, 0x36, 0xb7, 0x43, 0x00, 0x04, 0x08, 0xf0, 0xff, 0xff,
0xff, 0xff, 0xff, 0x84, 0x20, 0x00, 0x21, 0x88, 0x00, 0x09, 0x12, 0x90, 0x42, 0x12, 0x92, 0x40,
0x42, 0x22, 0x84, 0xf0, 0xff, 0xff, 0xff, 0x0f, 0x10, 0x42, 0xec, 0xa5, 0x27, 0x7b, 0x38, 0x0b,
0x9f, 0xdc, 0x66, 0x1b, 0xce, 0x08, 0x00, 0x21, 0x24, 0xf2, 0xff, 0xff, 0xff, 0xff, 0xff, 0x11,
0x00, 0x02, 0x08, 0x08, 0x11, 0x04, 0x40, 0x04, 0x20, 0x08, 0x08, 0x08, 0x00, 0x08, 0x10, 0xf8,
0xff, 0xff, 0xff, 0x9f, 0x04, 0x00, 0x18, 0xb3, 0x9c, 0x6d, 0x7a, 0x26, 0x79, 0xb2, 0xd1, 0xcc,
0x3a, 0x06, 0x80, 0x08, 0x80, 0xe0, 0xff, 0xff, 0xff, 0xff, 0xff, 0x40, 0x48, 0x40, 0x02, 0x22,
0x90, 0x80, 0x04, 0x24, 0x81, 0x81, 0x21, 0x88, 0x21, 0x01, 0x21, 0xf8, 0xff, 0xff, 0xff, 0x0f,
0x00, 0x00, 0xdc, 0xe8, 0x46, 0xa7, 0xca, 0x11, 0x4b, 0x9b, 0xdd, 0xa5, 0x6b, 0x05, 0x80, 0x00,
0x09, 0xf0, 0xff, 0xff, 0xff, 0xff, 0xff, 0x0c, 0x08, 0x11, 0x80, 0x80, 0x80, 0x20, 0x08, 0x01,
0x08, 0x00, 0x04, 0x22, 0x40, 0x04, 0x04, 0xf2, 0xff, 0xff, 0xff, 0x4f, 0x42, 0x00, 0x74, 0xab,
0x79, 0x99, 0xbd, 0x1d, 0xb7, 0x6d, 0x66, 0xbf, 0xce, 0x8d, 0x00, 0x44, 0x20, 0xe4, 0xff, 0xff,
0xff, 0xff, 0xff, 0x21, 0x21, 0x84, 0x24, 0x04, 0x12, 0x82, 0x20, 0x48, 0x22, 0x12, 0x91, 0x20,
0x08, 0x90, 0x90, 0xf8, 0xff, 0xff, 0xff, 0x1f, 0x00, 0x04, 0x64, 0x3b, 0xa7, 0x5f, 0x35, 0x33,
0xbc, 0xed, 0xdb, 0xda, 0x76, 0x23, 0x92, 0x10, 0x92, 0x31, 0x84, 0xff, 0xff, 0xff, 0xff, 0xff,
0xff, 0x3f, 0x49, 0x32, 0x52, 0x9a, 0x26, 0x92, 0xa0, 0x24, 0x84, 0x8c, 0xc9, 0x12, 0xff, 0xff,
0xff, 0xff, 0x81, 0x80, 0x99, 0x90, 0xdc, 0xe6, 0xbd, 0x76, 0xdb, 0x2e, 0x6b, 0xda, 0xda, 0x56,
0xdb, 0x06, 0x00, 0x82, 0x00, 0x00, 0x81, 0xff, 0xff, 0xff, 0xff, 0xff, 0xff, 0x7f, 0x08, 0x42,
0x00, 0x01, 0x88, 0x84, 0x04, 0x81, 0x08, 0x40, 0x00, 0x42, 0xfe, 0xff, 0xff, 0xff, 0x21, 0x20,
0x00, 0x00, 0xdc, 0xb6, 0xcd, 0xec, 0xda, 0x0a, 0xdb, 0xda, 0x26, 0x37, 0xdb, 0x04, 0x01, 0x0c,
0x64, 0x40, 0x08, 0xff, 0xff, 0xff, 0xff, 0xff, 0xff, 0x3f, 0x22, 0x48, 0x90, 0x84, 0x08, 0x20,
0x10, 0x09, 0x29, 0x10, 0x12, 0x09, 0xff, 0xff, 0xff, 0xff, 0x13, 0x04, 0x02, 0x04, 0xb0, 0xd9,
0x36, 0x9b, 0xec, 0x13, 0xb7, 0xb9, 0xe5, 0xad, 0x6c, 0x49, 0x80, 0x20, 0x10, 0x82, 0x80, 0xff,
0xff, 0xff, 0xff, 0xff, 0xff, 0x3f, 0x01, 0x08, 0x91, 0x80, 0x22, 0x48, 0x42, 0x00, 0x81, 0x88,
0x40, 0x20, 0xff, 0xff, 0xff, 0xff, 0x91, 0x90, 0x88, 0x00, 0xbc, 0x61, 0x9b, 0x77, 0x39, 0x17,
0x6d, 0x69, 0xcf, 0x6e, 0x6e, 0x03, 0x00, 0x02, 0x08, 0x10, 0x92, 0xff, 0xff, 0xff, 0xff, 0xff,
0xff, 0x3f, 0x19, 0x22, 0x40, 0x08, 0x80, 0x04, 0x40, 0x12, 0x12, 0x08, 0x84, 0x04, 0xfe, 0xff,
0xff, 0xff, 0x09, 0x42, 0x00, 0x02, 0x6c, 0x66, 0x2b, 0x6d, 0xd9, 0x0c, 0xdb, 0xd8, 0xcc, 0x5a,
0xb6, 0x11, 0x80, 0x48, 0x88, 0x40, 0x00, 0xff, 0xff, 0xff, 0xff, 0xff, 0xff, 0x3f, 0x40, 0x88,
0x40, 0x02, 0x05, 0x30, 0x81, 0x10, 0x44, 0x50, 0x81, 0x10, 0xfe, 0xff, 0xff, 0xff, 0x43, 0x40,
0x12, 0x00, 0xec, 0xe7, 0x2e, 0x9b, 0xd9, 0x0b, 0xdb, 0xdc, 0xc5, 0x33, 0xdb, 0x04, 0x08, 0x02,
0x20, 0x02, 0x89, 0xff, 0xff, 0xff, 0xff, 0xff, 0xff, 0x3f, 0x01, 0x08, 0x11, 0x10, 0x64, 0x08,
0x22, 0x04, 0x01, 0x41, 0x00, 0x02, 0xff, 0xff, 0xff, 0xff, 0x11, 0x10, 0x00, 0x20, 0x98, 0xa4,
0x99, 0xdb, 0x38, 0x03, 0xb7, 0x31, 0x67, 0x2d, 0xce, 0x41, 0x00, 0x10, 0x04, 0x20, 0x80, 0xff,
0xff, 0xff, 0xff, 0xff, 0xff, 0x3f, 0x25, 0x22, 0x90, 0x84, 0x00, 0x44, 0x80, 0x00, 0x24, 0x08,
0x22, 0x09, 0xff, 0xff, 0xff, 0xff, 0x81, 0x80, 0x04, 0x02, 0xbc, 0xb3, 0x1d, 0x6d, 0xe6, 0x34,
0x2c, 0xee, 0x30, 0xcf, 0x36, 0x0c, 0x80, 0x04, 0x44, 0x80, 0x84, 0xff, 0xff, 0xff, 0xff, 0xff,
0xff, 0x3f, 0x10, 0x80, 0x00, 0x80, 0x08, 0x10, 0x21, 0x82, 0x00, 0x88, 0x40, 0x00, 0xfe, 0xff,
0xff, 0xff, 0x23, 0x20, 0x80, 0x00, 0x64, 0xb2, 0xc7, 0x26, 0xda, 0x25, 0x6b, 0x9a, 0xcd, 0x98,
0xb9, 0x03, 0x80, 0x00, 0x01, 0x08, 0x80, 0xff, 0xff, 0xff, 0xff, 0xff, 0xff, 0x3f, 0x02, 0x05,
0x24, 0x01, 0x22, 0x02, 0x08, 0x08, 0x09, 0x21, 0x10, 0x22, 0xff, 0xff, 0xff, 0xff, 0x09, 0x04,
0x01, 0x00, 0xdc, 0x6c, 0xb2, 0xdb, 0x59, 0x16, 0xdb, 0x5b, 0xdb, 0x73, 0xce, 0x06, 0x00, 0x22,
0x88, 0x20, 0x91, 0xff, 0xff, 0xff, 0xff, 0xff, 0xff, 0x3f, 0x08, 0x30, 0x10, 0x24, 0x80, 0x48,
0x42, 0x20, 0x20, 0x04, 0x81, 0x08, 0xff, 0xff, 0xff, 0xff, 0x41, 0x10, 0x24, 0x00, 0xb4, 0xcd,
0x2e, 0x5d, 0xef, 0x1a, 0xb7, 0xed, 0xdb, 0xde, 0x76, 0x97, 0x24, 0xc9, 0x24, 0x23, 0x85, 0xff,
0xff, 0xff, 0xff, 0xff, 0xff, 0xff, 0xff, 0xff, 0xff, 0xff, 0xff, 0xff, 0xff, 0xff, 0xff, 0xff,
0xff, 0xff, 0xff, 0xff, 0xff, 0xff, 0x93, 0x61, 0x92, 0x24, 0x6c, 0xf7, 0xed, 0xf5, 0xba, 0x1b,
0x6d, 0xb6, 0x6c, 0xcf, 0xb6, 0x09, 0x00, 0x08, 0x20, 0x08, 0x20, 0xff, 0xff, 0xff, 0xff, 0xff,
0xff, 0xff, 0xff, 0xff, 0xff, 0xff, 0xff, 0xff, 0xff, 0xff, 0xff, 0xff, 0xff, 0xff, 0xff, 0xff,
0xff, 0xff, 0x23, 0x04, 0x00, 0x00, 0x6c, 0x33, 0x5b, 0xb7, 0xda, 0x26, 0xdd, 0xd8, 0x63, 0x39,
0xbb, 0x0c, 0x81, 0x04, 0x88, 0xc0, 0x88, 0xff, 0xff, 0xff, 0xff, 0xff, 0xff, 0xff, 0xff, 0xff,
0xff, 0xff, 0xff, 0xff, 0xff, 0xff, 0xff, 0xff, 0xff, 0xff, 0xff, 0xff, 0xff, 0xff, 0x09, 0x90,
0x09, 0x08, 0xdc, 0xec, 0x1b, 0xdb, 0x6c, 0x13, 0xb3, 0x79, 0xc7, 0x27, 0xeb, 0x41, 0x00, 0x12,
0x04, 0x00, 0x82, 0xff, 0xff, 0xff, 0xff, 0xff, 0xff, 0xff, 0xff, 0xff, 0xff, 0xff, 0xff, 0xff,
0xff, 0xff, 0xff, 0xff, 0xff, 0xff, 0xff, 0xff, 0xff, 0xff, 0x41, 0x00, 0x80, 0x00, 0xd8, 0x63,
0xa6, 0x6d, 0xb9, 0x0d, 0x6f, 0x69, 0xce, 0x7e, 0x6e, 0x03, 0x00, 0x41, 0x10, 0x11, 0x10, 0xff,
0xff, 0xff, 0xff, 0xff, 0xff, 0xff, 0xff, 0xff, 0xff, 0xff, 0xff, 0xff, 0xff, 0xff, 0xff, 0xff,
0xff, 0xff, 0xff, 0xff, 0xff, 0xff, 0x13, 0x61, 0x02, 0x02, 0x6c, 0xe6, 0x3d, 0x37, 0xd9, 0x26,
0x6d, 0xd9, 0xca, 0x4a, 0x36, 0x03, 0x00, 0x01, 0x48, 0x40, 0x84, 0xff, 0xff, 0xff, 0xff, 0xff,
0xff, 0xff, 0xff, 0xff, 0xff, 0xff, 0xff, 0xff, 0xff, 0xff, 0xff, 0xff, 0xff, 0xff, 0xff, 0xff,
0xff, 0xff, 0x09, 0x00, 0x08, 0x00, 0xb4, 0xa5, 0x0d, 0xdb, 0xd9, 0x06, 0x9b, 0xd9, 0xcd, 0x3b,
0xdb, 0x48, 0x08, 0x24, 0x00, 0x42, 0x80, 0xff, 0xff, 0xff, 0xff, 0xff, 0xff, 0xff, 0xff, 0xff,
0xff, 0xff, 0xff, 0xff, 0xff, 0xff, 0xff, 0xff, 0xff, 0xff, 0xff, 0xff, 0xff, 0xff, 0x21, 0x92,
0x00, 0x20, 0xb4, 0x65, 0x3b, 0xdb, 0xb8, 0x0d, 0xdb, 0x6c, 0x65, 0x36, 0xce, 0x09, 0x80, 0x00,
0x92, 0x00, 0x09, 0xff, 0xff, 0xff, 0xff, 0xff, 0xff, 0xff, 0xff, 0xff, 0xff, 0xff, 0xff, 0xff,
0xff, 0xff, 0xff, 0xff, 0xff, 0xff, 0xff, 0xff, 0xff, 0xff, 0x83, 0x00, 0x82, 0x00, 0x6c, 0x73,
0x86, 0x6d, 0x6a, 0x25, 0x65, 0xba, 0xd1, 0x84, 0x32, 0x06, 0x00, 0x12, 0x00, 0x10, 0x80, 0xff,
0xff, 0xff, 0xff, 0xff, 0xff, 0xff, 0xff, 0xff, 0xff, 0xff, 0xff, 0xff, 0xff, 0xff, 0xff, 0xff,
0xff, 0xff, 0xff, 0xff, 0xff, 0xff, 0x09, 0x20, 0x00, 0x00, 0x58, 0x92, 0xcd, 0x2c, 0xce, 0x11,
0x37, 0xab, 0xd6, 0xdb, 0xbe, 0x04, 0x80, 0x00, 0x49, 0x40, 0x82, 0xff, 0xff, 0xff, 0xff, 0xff,
0xff, 0xff, 0xff, 0xff, 0xff, 0xff, 0xff, 0xff, 0xff, 0xff, 0xff, 0xff, 0xff, 0xff, 0xff, 0xff,
0xff, 0xff, 0x21, 0x88, 0x10, 0x04, 0xdc, 0xec, 0x39, 0x9b, 0x39, 0x1e, 0xd9, 0x6c, 0x36, 0xdb,
0xe6, 0x0d, 0x01, 0x08, 0x00, 0x04, 0x88, 0xff, 0xff, 0xff, 0xff, 0xff, 0xff, 0xff, 0xff, 0xff,
0xff, 0xff, 0xff, 0xff, 0xff, 0xff, 0xff, 0xff, 0xff, 0xff, 0xff, 0xff, 0xff, 0xff, 0x83, 0x00,
0x82, 0x00, 0xa4, 0x6d, 0x66, 0x73, 0xbb, 0x09, 0xdf, 0xdb, 0xef, 0xbd, 0x01, 0x20, 0x49, 0xb3,
0xfe, 0xff, 0xff, 0xff, 0xff, 0xff, 0xff, 0xff, 0xff, 0xff, 0xff, 0xff, 0xff, 0xff, 0xff, 0xff,
0xff, 0xff, 0xff, 0xff, 0xff, 0xff, 0xff, 0xff, 0xff, 0xff, 0x93, 0x34, 0x29, 0x92, 0xfc, 0xdb,
0xdf, 0xdf, 0xe6, 0x3f, 0x36, 0xdb, 0xd8, 0x26, 0x00, 0x80, 0x00, 0x00, 0xfe, 0xff, 0xff, 0xff,
0xff, 0xff, 0xff, 0xff, 0xff, 0xff, 0xff, 0xff, 0xff, 0xff, 0xff, 0xff, 0xff, 0xff, 0xff, 0xff,
0xff, 0xff, 0xff, 0xff, 0xff, 0xff, 0x01, 0x00, 0x01, 0x00, 0xcc, 0xb2, 0x59, 0xb6, 0xde, 0x12,
0x7b, 0xec, 0xd3, 0xde, 0x48, 0x90, 0x84, 0x04, 0xfc, 0xff, 0xff, 0xff, 0xff, 0xff, 0xff, 0xff,
0xff, 0xff, 0xff, 0xff, 0xff, 0xff, 0xff, 0xff, 0xff, 0xff, 0xff, 0xff, 0xff, 0xff, 0xff, 0xff,
0xff, 0xff, 0x69, 0x42, 0x04, 0x08, 0x78, 0x66, 0x27, 0xbb, 0xb8, 0x05, 0xcb, 0x39, 0xc7, 0x99,
0x00, 0x40, 0x00, 0x12, 0xfe, 0xff, 0xff, 0xff, 0xff, 0xff, 0xff, 0xff, 0xff, 0xff, 0xff, 0xff,
0xff, 0xff, 0xff, 0xff, 0xff, 0xff, 0xff, 0xff, 0xff, 0xff, 0xff, 0xff, 0xff, 0xff, 0x03, 0x10,
0x80, 0x00, 0xdc, 0x65, 0x9f, 0xed, 0x6c, 0x37, 0xbe, 0xd9, 0x4c, 0x67, 0x00, 0x10, 0x92, 0x40,
0xfc, 0xff, 0xff, 0xff, 0xff, 0xff, 0xff, 0xff, 0xff, 0xff, 0xff, 0xff, 0xff, 0xff, 0xff, 0xff,
0xff, 0xff, 0xff, 0xff, 0xff, 0xff, 0xff, 0xff, 0xff, 0xff, 0x11, 0x41, 0x12, 0x02, 0x34, 0xe7,
0x18, 0x97, 0xd9, 0x0c, 0xb3, 0xd8, 0xcb, 0x3d, 0x09, 0x80, 0x00, 0x04, 0xfc, 0xff, 0xff, 0xff,
0xff, 0xff, 0xff, 0xff, 0xff, 0xff, 0xff, 0xff, 0xff, 0xff, 0xff, 0xff, 0xff, 0xff, 0xff, 0xff,
0xff, 0xff, 0xff, 0xff, 0xff, 0xff, 0x09, 0x40, 0x00, 0x00, 0xec, 0xa4, 0x67, 0x7b, 0xb9, 0x0b,
0x6f, 0x39, 0xcb, 0x36, 0x00, 0x21, 0x04, 0x11, 0xfe, 0xff, 0xff, 0xff, 0xff, 0xff, 0xff, 0xff,
0xff, 0xff, 0xff, 0xff, 0xff, 0xff, 0xff, 0xfe, 0xff, 0xff, 0xff, 0xff, 0xff, 0xff, 0xff, 0xff,
0xff, 0xff, 0x23, 0x12, 0x09, 0x40, 0xd8, 0xe6, 0x3e, 0x6b, 0x69, 0x23, 0x6d, 0xed, 0x66, 0x93,
0x00, 0x10, 0x81, 0x40, 0xfc, 0xff, 0xff, 0xff, 0xff, 0xff, 0xff, 0xff, 0xff, 0xff, 0xff, 0xff,
0xff, 0xff, 0xff, 0xff, 0xff, 0xbf, 0xff, 0xff, 0xff, 0xff, 0xff, 0xff, 0xff, 0xff, 0x81, 0x00,
0x80, 0x00, 0x5c, 0xb3, 0x89, 0xce, 0x6c, 0x05, 0x95, 0xcc, 0xd0, 0xcc, 0x20, 0x40, 0x80, 0x04,
0xfe, 0xff, 0xff, 0xff, 0xff, 0xff, 0xff, 0xff, 0xff, 0xff, 0xff, 0xff, 0xff, 0xff, 0xff, 0xff,
0xff, 0xff, 0xff, 0xff, 0xff, 0xff, 0xff, 0xff, 0xff, 0xff, 0x09, 0x20, 0x02, 0x00, 0x64, 0x29,
0xc7, 0x3a, 0xb6, 0x15, 0xb7, 0x3a, 0xdb, 0x36, 0x01, 0x00, 0x10, 0x10, 0xfe, 0xff, 0xff, 0xff,
0xff, 0xff, 0xff, 0xff, 0xff, 0xff, 0xff, 0xff, 0xff, 0xff, 0xff, 0xff, 0xff, 0xff, 0xff, 0xff,
0xff, 0xff, 0xff, 0xff, 0xff, 0xff, 0x23, 0x80, 0x40, 0x10, 0xbc, 0xec, 0x5c, 0xab, 0x99, 0x1c,
0x6b, 0xeb, 0x66, 0xb3, 0x01, 0x90, 0x04, 0x01, 0xfc, 0xff, 0xff, 0xff, 0xff, 0xff, 0xff, 0xff,
0xff, 0xff, 0xff, 0xff, 0xff, 0xff, 0xff, 0xff, 0xff, 0xff, 0xff, 0xff, 0xff, 0xff, 0xff, 0xff,
0xff, 0xff, 0x81, 0x04, 0x04, 0x00, 0xc8, 0xb6, 0x59, 0x67, 0xdb, 0x32, 0xde, 0xed, 0xdd, 0xdf,
0x48, 0x24, 0xc9, 0xff, 0xff, 0xff, 0xff, 0xff, 0xff, 0xff, 0xff, 0xff, 0xff, 0xff, 0xff, 0xff,
0xff, 0xff, 0xff, 0xff, 0xff, 0xff, 0xff, 0xff, 0xff, 0xff, 0xff, 0xff, 0xff, 0xff, 0xff, 0x3f,
0x89, 0x4d, 0x00, 0x60, 0xf7, 0x7c, 0xfb, 0x2f, 0xb5, 0x9c, 0xd5, 0xcc, 0x00, 0x00, 0xc1, 0xff,
0xff, 0xff, 0xff, 0xff, 0xff, 0xff, 0xff, 0xff, 0xff, 0xff, 0xff, 0xff, 0xff, 0xff, 0xff, 0xff,
0xff, 0xff, 0xff, 0xff, 0xff, 0xff, 0xff, 0xff, 0xff, 0xff, 0xff, 0x0f, 0x21, 0x00, 0x11, 0x60,
0x97, 0xcf, 0x2c, 0x0d, 0xb7, 0xf2, 0x66, 0x37, 0x21, 0x90, 0x80, 0xff, 0xff, 0xff, 0xff, 0xff,
0xff, 0xff, 0xff, 0xff, 0xff, 0xff, 0xff, 0xff, 0xff, 0xff, 0xff, 0xff, 0xff, 0xff, 0xff, 0xff,
0xff, 0xff, 0xff, 0xff, 0xff, 0xff, 0xff, 0x4f, 0x04, 0x12, 0x04, 0xc1, 0x4d, 0xbb, 0xf6, 0x11,
0xdb, 0x6c, 0xcb, 0x3d, 0x08, 0x40, 0x88, 0xff, 0xff, 0xff, 0xff, 0xff, 0xff, 0xff, 0xff, 0xff,
0xff, 0xff, 0xff, 0xff, 0xff, 0xff, 0xff, 0xff, 0xff, 0xff, 0xff, 0xff, 0xff, 0xff, 0xff, 0xff,
0xff, 0xff, 0xff, 0x1f, 0x10, 0x42, 0x00, 0xe0, 0x2e, 0xbb, 0xd8, 0x16, 0xdb, 0xb9, 0xcd, 0x4a,
0x02, 0x00, 0xc2, 0xff, 0xff, 0xff, 0xff, 0xff, 0xff, 0xff, 0xff, 0xff, 0xff, 0xff, 0xff, 0xff,
0xff, 0xff, 0xff, 0xff, 0xff, 0xff, 0xff, 0xff, 0xff, 0xff, 0xff, 0xff, 0xff, 0xff, 0xff, 0x8f,
0x80, 0x08, 0x10, 0xa0, 0x3a, 0xe7, 0xd9, 0x06, 0x37, 0x99, 0xa5, 0x7b, 0x00, 0x30, 0x90, 0xff,
0xff, 0xff, 0xff, 0xff, 0xff, 0xff, 0xff, 0xff, 0xff, 0xff, 0xff, 0xff, 0xff, 0xff, 0xff, 0xff,
0xff, 0xff, 0xff, 0xff, 0xff, 0xff, 0xff, 0xff, 0xff, 0xff, 0xff, 0x4f, 0x02, 0x20, 0x00, 0xa0,
0x13, 0x5d, 0x39, 0x0b, 0xed, 0x78, 0xcb, 0x36, 0x81, 0x80, 0x84, 0xff, 0xff, 0xff, 0xff, 0xff,
0xff, 0xff, 0xff, 0xff, 0xff, 0xff, 0xff, 0xff, 0xff, 0xbf, 0xff, 0xff, 0xff, 0xff, 0xff, 0xff,
0xff, 0xff, 0xff, 0xff, 0xff, 0xff, 0xff, 0x1f, 0x08, 0x83, 0x00, 0xe0, 0x9e, 0xcd, 0xec, 0x0d,
0x6b, 0x66, 0x63, 0x0b, 0x01, 0x00, 0xc0, 0xff, 0xff, 0xff, 0xff, 0xff, 0xff, 0xff, 0xff, 0xff,
0xff, 0xff, 0xff, 0xff, 0xff, 0xff, 0xff, 0xff, 0xff, 0xff, 0xff, 0xff, 0xff, 0xff, 0xff, 0xff,
0xff, 0xff, 0xff, 0x8f, 0x00, 0x08, 0x40, 0xa0, 0x99, 0xb6, 0x58, 0x25, 0x1b, 0x9d, 0x34, 0xdb,
0x00, 0x10, 0x81, 0xff, 0xff, 0xff, 0xff, 0xff, 0xff, 0xff, 0xff, 0xff, 0xff, 0xff, 0xff, 0xff,
0xff, 0xff, 0xff, 0xff, 0xff, 0xff, 0xff, 0xff, 0xff, 0xff, 0xff, 0xff, 0xff, 0xff, 0xff, 0x0f,
0x42, 0x00, 0x04, 0xa0, 0x65, 0x3b, 0x5b, 0x13, 0xb6, 0xf9, 0xd6, 0xd4, 0x00, 0x10, 0xa0, 0xff,
0xff, 0xff, 0xff, 0xff, 0xff, 0xff, 0xff, 0xff, 0xff, 0xff, 0xff, 0xff, 0xff, 0xff, 0xff, 0xff,
0xff, 0xff, 0xff, 0xff, 0xff, 0xff, 0xff, 0xff, 0xff, 0xff, 0xff, 0x1f, 0x00, 0x11, 0x00, 0x60,
0x67, 0x4b, 0xeb, 0x1c, 0x67, 0xa6, 0xd9, 0x37, 0x11, 0x40, 0xc2, 0xff, 0xff, 0xff, 0xff, 0xff,
0xff, 0xff, 0xff, 0xff, 0xff, 0xff, 0xff, 0xff, 0xff, 0xff, 0xff, 0xff, 0xff, 0xff, 0xff, 0xff,
0xff, 0xff, 0xff, 0xff, 0xff, 0xff, 0xff, 0x4f, 0x24, 0x44, 0x02, 0x62, 0x9a, 0xdd, 0xac, 0x25,
0xfd, 0xbf, 0x2f, 0x00, 0x92, 0x91, 0xcc, 0xff, 0xff, 0xff, 0xff, 0xff, 0xff, 0xff, 0xff, 0xff,
0xff, 0xff, 0xff, 0xff, 0xff, 0xff, 0xff, 0xff, 0xff, 0xff, 0xff, 0xff, 0xff, 0xff, 0xff, 0xff,
0xff, 0xff, 0xff, 0x4f, 0x89, 0x44, 0x90, 0xe0, 0x7f, 0xf7, 0xbd, 0x1f, 0x9b, 0xd8, 0x32, 0x00,
0x00, 0x04, 0x80, 0xff, 0xff, 0xff, 0xff, 0xff, 0xff, 0xff, 0xff, 0xff, 0xff, 0xff, 0xff, 0xff,
0xff, 0xff, 0xff, 0xff, 0xff, 0xff, 0xff, 0xff, 0xff, 0xff, 0xff, 0xff, 0xff, 0xff, 0xff, 0x1f,
0x00, 0x10, 0x04, 0xa0, 0x65, 0x2d, 0x73, 0x12, 0xbb, 0xda, 0x06, 0x00, 0x24, 0x20, 0x81, 0xff,
0xff, 0xff, 0xff, 0xff, 0xff, 0xff, 0xff, 0xff, 0xff, 0xff, 0xff, 0xff, 0xff, 0xff, 0xff, 0xff,
0xff, 0xff, 0xff, 0xff, 0xff, 0xff, 0xff, 0xff, 0xff, 0xff, 0xff, 0x8f, 0x44, 0x02, 0x20, 0xa0,
0x8d, 0xed, 0xcc, 0x13, 0xe7, 0x6c, 0x0f, 0x08, 0x82, 0x20, 0xc4, 0xff, 0xff, 0xff, 0xff, 0xff,
0xff, 0xff, 0xff, 0xff, 0xff, 0xff, 0xff, 0xff, 0xff, 0xff, 0xff, 0xff, 0xff, 0xff, 0xff, 0xff,
0xff, 0xff, 0xff, 0xff, 0xff, 0xff, 0xff, 0x8f, 0x10, 0x22, 0x00, 0x60, 0x3b, 0xdb, 0x78, 0x07,
0xdd, 0x69, 0x29, 0x01, 0x08, 0x90, 0x80, 0xff, 0xff, 0xff, 0xff, 0xff, 0xff, 0xff, 0xff, 0xff,
0xff, 0xff, 0xff, 0xff, 0xff, 0xff, 0xff, 0xff, 0xff, 0xff, 0xff, 0xff, 0xff, 0xff, 0xff, 0xff,
0xff, 0xff, 0xff, 0x1f, 0x82, 0x88, 0x10, 0x60, 0x1b, 0x5b, 0x5b, 0x0e, 0x37, 0xb9, 0x07, 0x00,
0x48, 0x02, 0x92, 0xff, 0xff, 0xff, 0xff, 0xff, 0xff, 0xff, 0xff, 0xff, 0xff, 0xff, 0xff, 0xff,
0xff, 0xff, 0xff, 0xff, 0xff, 0xff, 0xff, 0xff, 0xff, 0xff, 0xff, 0xff, 0xff, 0xff, 0xff, 0x4f,
0x08, 0x00, 0x00, 0xc2, 0x36, 0xb7, 0xd9, 0x09, 0xeb, 0xd8, 0x4c, 0x00, 0x02, 0x20, 0xc0, 0xff,
0xff, 0xff, 0xff, 0xff, 0xff, 0xff, 0xff, 0xff, 0xff, 0xff, 0xff, 0xff, 0xff, 0xff, 0xff, 0xff,
0xff, 0xff, 0xff, 0xff, 0xff, 0xff, 0xff, 0xff, 0xff, 0xff, 0xff, 0x0f, 0x01, 0x11, 0x84, 0xe0,
0x26, 0xed, 0xb8, 0x25, 0xad, 0x6c, 0x23, 0x00, 0x90, 0x40, 0x84, 0xff, 0xff, 0xff, 0xff, 0xff,
0xff, 0xff, 0xff, 0xff, 0xff, 0xff, 0xff, 0xff, 0xff, 0xff, 0xff, 0xff, 0xff, 0xff, 0xff, 0xff,
0xff, 0xff, 0xff, 0xff, 0xff, 0xff, 0xff, 0x0f, 0x04, 0x42, 0x00, 0xa0, 0x9d, 0x2d, 0x6a, 0x07,
0x37, 0xab, 0x19, 0x00, 0x02, 0x10, 0x81, 0xff, 0xff, 0xff, 0xff, 0xff, 0xff, 0xff, 0xff, 0xff,
0xff, 0xff, 0xff, 0xff, 0xff, 0xff, 0xff, 0xff, 0xff, 0xff, 0xff, 0xff, 0xff, 0xff, 0xff, 0xff,
0xff, 0xff, 0xff, 0x9f, 0x80, 0x08, 0x00, 0x20, 0x49, 0x33, 0x5b, 0x12, 0xd3, 0xba, 0x16, 0x08,
0x22, 0x04, 0xe0, 0xff, 0xff, 0xff, 0xff, 0xff, 0xff, 0xff, 0xff, 0xff, 0xff, 0xff, 0xff, 0xff,
0xff, 0xff, 0xff, 0xff, 0xff, 0xff, 0xff, 0xff, 0xff, 0xff, 0xff, 0xff, 0xff, 0xff, 0xff, 0x0f,
0x22, 0x00, 0x02, 0xe0, 0x6b, 0xcf, 0xdc, 0x1a, 0xdb, 0x76, 0x36, 0x02, 0x88, 0x90, 0x84, 0xff,
0xff, 0xff, 0xff, 0xff, 0xff, 0xff, 0xff, 0xff, 0xff, 0xff, 0xff, 0xff, 0xff, 0xff, 0xff, 0xff,
0xff, 0xff, 0xff, 0xff, 0xff, 0xff, 0xff, 0xff, 0xff, 0xff, 0xff, 0x4f, 0x08, 0x91, 0x48, 0x60,
0x6e, 0xf9, 0xb3, 0x1b, 0xbf, 0xcd, 0x1b, 0x20, 0x42, 0xf2, 0xff, 0xff, 0xff, 0xff, 0xff, 0xff,
0xff, 0xff, 0xff, 0xff, 0xff, 0xff, 0xff, 0xff, 0xff, 0xff, 0xff, 0xff, 0xff, 0xff, 0xff, 0xff,
0xff, 0xff, 0xff, 0xff, 0xff, 0xff, 0xff, 0xff, 0xff, 0x24, 0x20, 0x09, 0x00, 0x37, 0xbb, 0x2d,
0x65, 0xb9, 0x49, 0x04, 0x10, 0xf8, 0xff, 0xff, 0xff, 0xff, 0xff, 0xff, 0xff, 0xff, 0xff, 0xff,
0xff, 0xff, 0xff, 0xff, 0xff, 0xff, 0xff, 0xff, 0xff, 0xff, 0xff, 0xff, 0xff, 0xff, 0xff, 0xff,
0xff, 0xff, 0xff, 0xff, 0xff, 0x08, 0x84, 0x00, 0x00, 0xdd, 0x6c, 0x13, 0x5d, 0xb6, 0x27, 0x00,
0x84, 0xf0, 0xff, 0xff, 0xff, 0xff, 0xff, 0xff, 0xff, 0xff, 0xff, 0xff, 0xff, 0xff, 0xff, 0xff,
0xff, 0xff, 0xff, 0xff, 0xff, 0xff, 0xff, 0xff, 0xff, 0xff, 0xff, 0xff, 0xff, 0xff, 0xff, 0xff,
0x7f, 0x42, 0x10, 0x02, 0x01, 0xdb, 0x6c, 0x13, 0xdb, 0xd8, 0x26, 0x01, 0x22, 0xf0, 0xff, 0xff,
0xff, 0xff, 0xff, 0xff, 0xff, 0xff, 0xff, 0xff, 0xff, 0xff, 0xff, 0xff, 0xff, 0xff, 0xff, 0xff,
0xff, 0xff, 0xff, 0xff, 0xff, 0xff, 0xff, 0xff, 0xff, 0xff, 0xff, 0xff, 0x7f, 0x10, 0x10, 0x00,
0x00, 0x3b, 0xb9, 0x0d, 0xbb, 0x79, 0x0a, 0x00, 0x08, 0xf9, 0xff, 0xff, 0xff, 0xff, 0xff, 0xff,
0xff, 0xff, 0xff, 0xff, 0xff, 0xff, 0xff, 0xff, 0xff, 0xff, 0xff, 0xff, 0xff, 0xff, 0xff, 0xff,
0xff, 0xff, 0xff, 0xff, 0xff, 0xff, 0xff, 0xff, 0xff, 0x84, 0x44, 0x84, 0x00, 0xe7, 0xd9, 0x26,
0xad, 0x69, 0x0b, 0x08, 0x40, 0xf0, 0xff, 0xff, 0xff, 0xff, 0xff, 0xff, 0xff, 0xff, 0xff, 0xff,
0xff, 0xff, 0xff, 0xff, 0xff, 0xff, 0xff, 0xff, 0xf7, 0xbf, 0xff, 0xff, 0xff, 0xff, 0xff, 0xff,
0xff, 0xff, 0xff, 0xff, 0x7f, 0x22, 0x10, 0x01, 0x00, 0xb6, 0xd8, 0x06, 0x67, 0xec, 0x0d, 0x01,
0x12, 0xf0, 0xff, 0xff, 0xff, 0xff, 0xff, 0xff, 0xff, 0xff, 0xff, 0xff, 0xff, 0xff, 0xff, 0xff,
0xff, 0xff, 0xff, 0xff, 0xff, 0xff, 0xff, 0xff, 0xff, 0xff, 0xff, 0xff, 0xff, 0xff, 0xff, 0xf7,
0x7f, 0x08, 0x00, 0x00, 0x08, 0xdb, 0x6c, 0x0d, 0xdd, 0x34, 0x25, 0x00, 0x82, 0xf8, 0xff, 0xff,
0xff, 0xff, 0xff, 0xff, 0xff, 0xff, 0xff, 0xff, 0xff, 0xff, 0xff, 0xff, 0xff, 0xff, 0xff, 0xff,
0xff, 0xff, 0xff, 0xff, 0xff, 0xff, 0xff, 0xff, 0xff, 0xff, 0xff, 0xff, 0xff, 0x00, 0x24, 0x22,
0x00, 0x6d, 0x3a, 0x23, 0x35, 0xdb, 0x32, 0x00, 0x08, 0xf0, 0xff, 0xff, 0xff, 0xff, 0xff, 0xff,
0xff, 0xff, 0xff, 0xff, 0xff, 0xff, 0xff, 0xff, 0xff, 0xff, 0xff, 0xff, 0xff, 0xff, 0xff, 0xff,
0xff, 0xff, 0xff, 0xff, 0xff, 0xff, 0xff, 0xff, 0x7f, 0x02, 0x80, 0x00, 0x00, 0x27, 0xcb, 0x32,
0x66, 0xcb, 0x0e, 0x00, 0x20, 0xf4, 0xff, 0xff, 0xff, 0xff, 0xff, 0xff, 0xff, 0xff, 0xff, 0xff,
0xff, 0xff, 0xff, 0xff, 0xff, 0xff, 0xff, 0xff, 0xff, 0xff, 0xff, 0xff, 0xff, 0xff, 0xff, 0xff,
0xff, 0xff, 0xff, 0xff, 0x7f, 0x48, 0x12, 0x10, 0x00, 0xd9, 0xdc, 0x0e, 0xdb, 0x3c, 0x19, 0x00,
0x82, 0xf0, 0xff, 0xff, 0xff, 0xff, 0xff, 0xff, 0xff, 0xff, 0xff, 0xff, 0xff, 0xff, 0xff, 0xff,
0xff, 0xff, 0xff, 0xff, 0xff, 0xff, 0xff, 0xff, 0xff, 0xff, 0xff, 0xff, 0xff, 0xff, 0xff, 0xff,
0x7f, 0x00, 0x40, 0x00, 0x00, 0xcf, 0x36, 0x19
    };

    struct MemeBitmap {
        const uint8_t* data;
        uint16_t width;
        uint16_t height;
    };

    // Lista de memes con sus dimensiones originales
    const MemeBitmap MEME_LIST[] = {
        {meme_pop_cat, 347, 347},
        {meme_doge, 350, 350}
    };

    constexpr uint8_t TOTAL_MEMES = sizeof(MEME_LIST) / sizeof(MEME_LIST[0]);
}

#endif // MEMES_H
